address,OST
0x0024bab96495d22e8c31721bfa61f74c626c4f6a,52
0x00a8c322de040a526ac6ec2090915c126f551a4e,52
0x00b155574658DA284034B7f4962CE96B0A46f024,60
0x00bA6424bA52FD4Be236d4e623Ab03Adb576578A,52
0x00beC71283B2B64194B20e968A137e11b1fB02e4,60
0x00d1db911359f53d6c09119a05a6aafb80656de8,52
0x00E06f59d72bF6923d37E14c0dcFE54F7AC7FEb9,52
0x00fae6d94585235c7aa8d1972b6f9ce0051849aa,52
0x017457d227149f793423ac11f118b5e07b09f3e7,52
0x01af86cd3fa63f8b04b8ba7df0494a77c01c473f,52
0x01E00BC0bdE445c2473E70Ce8F67E21cea24037E,52
0x01f0a66cD23B83Bce93911beAD0A249BfD2f913b,60
0x020AB051F12F32222dDFB70168C93643642654f9,32
0x0215deBD4A313863fCD04D6E357A70C51c981b0F,60
0x023a5223d0D8946eF78e3d9d3167354Ab2532eFb,60
0x024aeaae62b5a75b80fa967abc1d5c5d3c21e876,52
0x02b3e562d8cc32a83c1b15081049a1cec42d5cbe,52
0x02b71456ea95df6307b394899e4d1c4e631ff8c1,52
0x02beab77a3045d40f297fc30a9d95ea3b3a3a46c,52
0x02d57468b368366b699df0a0d627eba740f1e361,52
0x02fb763a0454a54b3ffd02427f54340b42fe8e7c,52
0x0301E1c74D1b891F4019045e9d98d95F34f0f576,60
0x030ddB523F5FeFF9d8E5CE390595b90e72753D1a,60
0x033031E1cBA7De0E1C9C9693b047e72fA1C3e1b2,60
0x0362074C8eCb59e049BA4A69eE7C710568a157d8,60
0x037771a4c189d3b9c0b9db7b7cb2c4ea6629bb61,52
0x039abe1281d95d8cac14eecb1ad6bbb3e44658bd,60
0x039ee1aec620d14b779a1fe4cf179751c09486f9,52
0x03e4f5fa8acc5abd2f2aa7740565842552d51af7,28
0x0415708c4efdb5911961b5ed99dba583c876a788,60
0x044bc3002343eFd3F37BaF4f8840ce372c5459a4,60
0x046d0702332073cc7c8901f2e940e3a7e7f1d4eb,52
0x047B7EaD24d8CbcbBc735Cba8f7295B478B31126,60
0x05df3a523511213387941169d8700a59b70efdba,52
0x060C6652219d8b1737d1e15BA8591F1590e7d93C,52
0x0625cA1eCc33973597641eBFC6106741390B0338,60
0x0642639C21524154Be953d0562B01b7070d8c355,60
0x0648dd2a3dc3999471975247256338cf513b103c,52
0x064a768bb4e79f22ba0dcb3c5d2421ae32d51003,52
0x06aF736301AEd1FA458353C81F2f11c4a137a53d,60
0x06faab61b8b72981c3004c1d060e8a67d826f97c,60
0x07195ba1de6b040198760bcdbc28c0cfcb6c9773,42
0x07343f950987f6D6da7685045EE8b7c7f8C718Fd,60
0x076bcf7e4d56788f4678ba54ad780481b22116f8,52
0x07C3793ADa8cba3Db56D04aeB408F873e92B0733,60
0x07ec871600e2746b07b35c24453769c90d28401f,60
0x0856187487fff5311052bb29b2e572d3d55ddab0,52
0x0883930a4360D63FcA113CC383eF79aAB6108002,52
0x089f4260cf77322d2c57a0f5bed3d5a123986013,60
0x08daef93e0b6ffbd13d45ab541725b8e812254e8,40
0x08F4735B61FcaB183b1180eAa7eBB449c3bEE87e,52
0x09109cD0D9300Af60a02F572dD71E53B9ba860De,52
0x0923f36d6fd61d6b1d53ed06393be47aae582364,60
0x095233282E86DAc3b3092876d38A11e0Ae56a57B,60
0x098a9d3ed5bd64c439fb0d07c7ca5dc0ab0eb979,52
0x09905C684277D33cA08C0eCAbd997837312FE2ee,60
0x099A08CABF2D05F9d7bEa4D4B6b6a6b911736326,52
0x09A31A186f60Ec28c955C589dE7Cd9bfA3639eBE,52
0x09B7A6C12d4AeC75cE5970637C4545269b544f8c,60
0x09b9669d4f467259dbbda29b5b6ef96fd0aba520,52
0x09c6230e43acdf4aa89ccab18c5cfd3f780459b7,52
0x09d659BbfD36B1E53aA639DC38fB0C1A5FCf8b09,52
0x09e82b90e8BDd0ccA49Bc7f65A42522C8FD7FDE8,60
0x0a0fcA7bf4b3dcE1A9dB43F6B14d1A0562111555,60
0x0A151861C69621AD484742695d6F83895AdA6B02,32
0x0a1afb060296c921732cbe21377af58d7df98765,52
0x0a2b0492eef466641c1a90ec3623ca38b35367cd,60
0x0a2c886F6b2544502D3b158e4871978F423D25Dd,60
0x0A3E1f1a4a549Fa17Ad0321af4A4D3a7C49910Aa,52
0x0a3ee4423c37fc3e2cd549457db6792ee406ba53,52
0x0a436a16841c5c81facf82a19939500c9b2ff141,52
0x0A50fBa79769FDde188d286fAc0F9039e368fD41,60
0x0a652656e9e407a52a4ea2840ace0dfeb7daeb44,60
0x0aa6051c001f4ad8868ea625ef6de68e3158b850,60
0x0acfce8833cFbb618418ef45798146892061BB3F,32
0x0AdA1BA808B6dB9d1f2E04cc76170ddF91373694,60
0x0ae27cbce9e853f6bebb6e4bfa7c41de56726085,52
0x0b11F953238eCFC16b3109CEAd7749b8f44D8fB1,32
0x0B303542CEe89D21Fd1Dd5c8bc575ce77d3F3E96,60
0x0b303C65254d4b90A5E850837aA592BD2BddDc3E,60
0x0b34a8192945df3c851f1a70d03a6b90d2bd4e57,52
0x0b6AabdbE96A6d61E091Fa024ee972282ee96e7F,60
0x0b6aabdbe96a6d61e091fa024ee972282ee96e7f,52
0x0ba0cF77C4F49917d0DD79F68554585e73F895C0,60
0x0Bb0b44b19B9DaA6BC3CEd3eD0876c25371009Dd,60
0x0bC30673D88eAb9860d478cE24924BbC6188CF46,60
0x0bd115190f52d450c05fba28917606c509676da9,52
0x0c17831362821f3b7a46ef7655b82a0227a34b05,52
0x0c7cdee7f65f2be9d3d241a8caf43fd2773e263b,52
0x0c89d815dd2495b0dde27fe764c8aebb78372f83,52
0x0cA6Ec91371E3c493B3Eb45CB8E94870254d99F9,60
0x0cc05030adddd53c23c3dd9a9d6cd93bc60bf771,52
0x0cC3FFB816ee8e7d90f3E6be2ECb01B26aC7782A,60
0x0d06F2193396B18458860B6F277C2279ffA48eE9,60
0x0d66181d0cd631193a9307b88773dcf60299fc1c,52
0x0d6A8A564332eF36Bb604664977ca357309B3a0E,60
0x0d75363981488f3376fdce70fb5a6dd47c1ed935,52
0x0dA53eCc60553E6deAf96ce2a936e7a6085a3253,52
0x0dc90722141d43bd0513faf38b69fa6a65681f5b,52
0x0dce114599a916d318d639eb95fc78ff1eccbd90,52
0x0dd153a1c04e0f48c48693b5bd9696eb286e537d,52
0x0E1174A80E1460fc3dC7ffD6f9e824bb7E4741A4,60
0x0e1d897A39f210c3D5b4B5BE1394cA4578d064B2,60
0x0e73d12f2aecf28c6970d80d52742558746ab19e,52
0x0e87c8e2fb4730482033771878b66bd3eb041c8f,60
0x0e9e4bcefdaeb846bce035a00ba641d4f0f8fff6,52
0x0EaE939553528FC5e1494F2775109842B33Dc167,32
0x0ed78aD124502AFd99c1ce5d41f5c7B0217D55CF,60
0x0f4d5C447ce1B4C97e512b52d3419c8C2E070ee6,52
0x0f98932172165a00475eec4b36a6bffa5f3dea7b,52
0x103f64229c6d86ed5288df6fd849ecedce5080ce,52
0x10489f2e7a7dca3f98e1c235e1435c260c99f412,60
0x1049Af1d46A85FE6AC0E7E7692e63cf350D08888,60
0x10625564a7369a8E43c89338aD119F52BDc0dB42,60
0x108f4aB4645889050b236929353a0C87aC5bA7C6,60
0x10C2D4374693842c027B27282a59161BbeD4e9D2,60
0x10d1F2958af10b35f535F5b70844b077deBb8890,32
0x10E526eB496C555C6d61F7A3B4b0634f2a40eD3a,60
0x112b5154be8e955d74bed3feca91d22b31fda06a,52
0x113b701ef895aa1c5fc0812b7fef58ddecaebbd3,52
0x113ec70943f21dc55e6a054f580b5ed0f2b84651,52
0x115Df6F4f46C6DC5118717eBc5D94197182BD1b4,60
0x115df6f4f46c6dc5118717ebc5d94197182bd1b4,52
0x1167e1D8E9Ff9f8941ea90Ae326cB56D1aB8D48B,60
0x117a50eb39cc028a1867e45ca8b4aced23b37e6b,52
0x117c89850b3ee64606785ddf2e00182ac79467ae,52
0x11992c6280e1e295c12d7c99caf4a7007808042f,52
0x11AAD1367DaD1D20dDEe3754B47370c79074fA5c,60
0x11cbf90b378e92406b704e8b7e4fbd4fcc5df970,52
0x11db6d0fe96667d6ff46febb1226a7538d33b592,60
0x11dcf1d9c3769477968a978b84b7675370594d14,52
0x11F68e89098B18353685384219c2E41748aB90F8,60
0x1200a79bff7708687a861c590a4da3a00092bae4,52
0x120aafd9c1f24360b5d14cda1b886995834de7ea,52
0x12107c43b1cbc9da7f38f75241a172b2d99dfd8a,52
0x126013593E53BD21229B45b19Ed1730b977aAA02,60
0x129ca810ceeAe42946Aa83A27bc77cCb40b3b3fC,60
0x12e929fa77e029d6592f9f2d45f4a10c804a6c51,52
0x12f4688b848abf10abd10f2fdf8ef1ba7b71b22f,52
0x130bbef83939c3e6939da50cdcd23de97dd41f5a,52
0x136b4fd8c429d4f7cd7980f632a707bf5ca765ef,46
0x13A901Bae6e0c9778ec345c9a46faE04FBe2e82c,52
0x13d4Dac514D2953dCe867A03e2285761aB3E93Eb,60
0x13de79a831669c408a1539b4b9bf7790d618b2be,52
0x13f34db7a272af7eaf21880a2334f180dd81aed3,52
0x141378508b38dDEDAd0a5C350Fc503FbFC7caE72,60
0x14141C2822BA7FD212f79db8Ba26e01b661b24c5,52
0x14364fc0f179d960b646bce97e30957fccd369fb,52
0x1458B7c720fa2E8652B09b36E96e1B97BD8f36bc,60
0x14734b44c985dB4C41a0F2E33279710fF1b21E11,52
0x14bB12F3440b745E64f9C1ef1d8e286f9a6254b3,60
0x14e0693e3273712c16b4da59012eab8c3bd77f9b,52
0x1514847564c920df286696a585fe9d8f11b4ddbd,60
0x1518F6E26603E2d2ff83035691C3fE1aecb8Bc0b,52
0x157ed4494fbda8e1f2dec4b48dde16395c035d3b,52
0x159c403296b96cc2f3b7e8c51ec7f8fa58803ecb,60
0x15a319a13142bce2a114db893107ebe0eb9a9288,52
0x15b56359a31b7a7dd51da0de9315142da3b0c4a5,52
0x15f4802D3c7e4a56B6C073394bc7346fC754346F,52
0x163f67661e11ef5d6207eff6eee9d5ca20a71307,52
0x167301689C2D131fa95a575cbc7d63F94Ee55Cd5,52
0x1687EdC5a13BbD058cc1079110003e21B328FAd3,60
0x168C36516081966cBAa9ed9486b70da512c1bDDe,60
0x16Ab554dc9077028326E00949B5354224DE04B9c,60
0x16cF571CBe58Cb71C04CFF26205213a5f5C664A0,60
0x16f52d03d2de78748a1121f4a7335c512a1bc31d,52
0x16fda85E8a8198Dd7fd99FDA5A721bA62229CF84,60
0x16fec4436dc33da4a55dbb13fd78a7d870468c36,52
0x171c8be8b92674f7d7b0593aca4619a25a40b6f0,52
0x171fa5d0d9fd561e2be594cafcf60999474af76e,52
0x173e22268ab54b6bce2cf8506fd01a167c89ce0a,52
0x174e616Fa561E619427A73DAFc0fef590d885F94,60
0x1796Bde1727dB68eb6c6B1fF76952c29B38075ec,52
0x17A1aF692736263c4dDEB6f1bE7Dc163598a3c24,32
0x17a6b7fc4d460a9533b38d4e91955702e6323998,52
0x17aD3e477a7706B42343bB0598fd8387f661Ba5a,60
0x17d5de395e4d4ae28736a27814a0604dbfd56dad,52
0x1822F3F2ea5ccd083F86702CFF5Dc59D70f08a0b,32
0x1844d2BdbEf166C2Be34CF8E014D31fc80824345,52
0x187a956910ef9b52764d643781a0feb7a10237af,52
0x188cb4ac9553794f9ccebd5136e406b0314905e9,60
0x19055769C4463245c8e00D63853354d3a9a57Dc6,52
0x199806Af7299357a37F03755c483cb278ec8BC5E,60
0x199b3ba7c7d665bedc10af1a534940c6dc7c17b8,52
0x19b0b14237a26a293ac6d4c32a1b936cc36f4706,40
0x19BaADcdACB83f0fD1BAe9a6F8cBf443785ae4Ee,32
0x19cb08bf5010C6B8B0A918bA4032782C9A9308e7,52
0x19d8b17e96b355a781e02266B66da98b2978CaB4,52
0x1a463bde2c955df1666e86c89cf301b67c74b9cb,52
0x1A6287425130608c78C6fD0ac9120f41805d9a62,60
0x1a68df43fc4e5e523dfd4138f715e6325d3bf443,52
0x1a6e1de5ec1322075edc3c1a593664dad0de2644,52
0x1a73a186c7f723f121958d1aa04d9759d79357b4,52
0x1A8b82c551B9e36Eb921d58019ae43BFd556AFe9,60
0x1ac5280e98C049191D9706F3BD64B990B2aC5271,60
0x1Ac7E8Ee60c5cE9035AF526C05e9F504530C4816,60
0x1ac96f1cf6b8ee899be3f423288966f6a4042dbf,60
0x1B14063DD8E2bef576Fc8FCb502B1f184B30b1fB,60
0x1b2A1Fbf5efB6DC7A316daE2cD0D75668715181e,60
0x1b58EFfF22EBF4aC066188af6625E3A647Aa3E24,60
0x1B5B8EEe97409C8D27B2589237b46Da7c027BF7e,60
0x1b8b59384CBf5AbA36676E5fA4b135Ed4c3e0a5f,52
0x1ba4f3C760b45A9cfCbFA128603217220F75b9AC,60
0x1ba8b1263dd6cd86e374899a376810b49ad815d9,52
0x1bc536b773694a0eae397a34aaafa46c2f124b5f,52
0x1bD00F6696f2FD5DF0b0472aD6D0c5D36440A11f,60
0x1be171f1df83ee948aad26367af4b617d236d4da,60
0x1C3101C3d18e1ff9f74f189f09648F8f2AFb6814,60
0x1C382f1856A3Ec1461a05789749Cb20276a88735,32
0x1c6ab1adbbbead04c8cd31314dca9ce41b466197,52
0x1c6dd7f7bc46882235c5a4ddad6df69426a5d779,52
0x1CAD8E6284EC4b3C4960594C8d3e7a8a50b72432,52
0x1cc4cd35237978672845bc5ba387b1a154703d4a,52
0x1cDB673B6Bf8FCA01982290b6d106d57D9026a49,32
0x1ce66f8d8150941054f4f901b7c1da3e6f88dad8,52
0x1cE901EF612FCE34Da527d8be0712DC7719f3528,60
0x1cF6fa7AfCfbF5D8570fF308c45DB1Cb07F1dc0A,52
0x1D1fBF84972A9892938B269b434755C660f2401e,60
0x1D2555e377d013c2AAD459df7b56B4197b1e4d63,52
0x1d41f3a9c440ec3f569849b10e8023e1dbb0bff0,52
0x1D46660d2C125B375E29c125509Ecd585E8Afbd0,60
0x1D4F391f836D4722e18f86e94f9b6554577a53d6,60
0x1d5eAcCfFCE4c0eec0583bdE85970739Eee27489,60
0x1d946066b04911613f74980422cafbc00115eb4e,52
0x1dCa9b0F1d37a2a7908573f3cd48a74EA46A3Fc1,60
0x1ddA3B0097160708CFC6779b3b52697765f6048C,52
0x1df15a563fd8efeb7c83f3c8ef1683dbebe0f36c,52
0x1dfe010cba2549ef30ed508c91eeebef861cee0c,52
0x1E0960082a50Fd9db993a0D78FC2836E1E93FE1F,32
0x1e25af449af3a8a37b66367869ca7002036e98ba,52
0x1e29e82b0a95aeabd70ef28f2d24923362a3b4c6,40
0x1e46d2897b9c769a4ac030ecfdc2c95812728403,52
0x1E6C9d765D39751b7e49e0e26D369254Ccb3088B,60
0x1E798d0B9663D59d3484939D4b356786BEA93779,60
0x1f4bFD6EA13D23F61aE20B69e945C344FaDB1cA5,60
0x1f69ddbf9e6f95aca34f104751c4118325a7274b,40
0x1FC3508e65de59b99571e15F0b49142f6d0aF3E0,60
0x1fdeab53f8fd567ec9095d09ff12f1ed21564de5,60
0x1fef538da0A921b4be228D8eF017e1beD4775b2f,52
0x1FfD048d4EAD01F373bAE0f71460F96036F10d29,60
0x200265Bf4Edfa7c1fbc55567140FB2AF19b04748,60
0x200e6c9e96ada8ebbd85722b1d0b506057838d46,60
0x2017ab919fc04cd767af63d3e6e746c73a8f3ad1,52
0x2018da71c5c1bb635dd6b3f473618674aca6b419,52
0x205919dcec96991ab5188d18c5a82733a9855670,60
0x208498a8b49b4c4cab278bd3d5fd0cff387ce0dd,52
0x208be48b21338a25c0a7b10088637f4faf27b54c,52
0x208e53b11573b82ec1e4b42fe1d02dd9b231e988,60
0x20bbd06367e75de5868d6cf34a0abdc0dabee8a9,60
0x20DD7fECd3027Ca6c851fc12a6f860EEfB80F46a,60
0x210033fbcb0627a2ab087cacde0a49160490d674,46
0x21176d41143caf647654491cf357125ef5ddd0aa,52
0x211AfFBb0048dDbe4FCb8Fc9ccb50193c63621a9,60
0x21277a2af1201ee9eb8e9c4bdce1e041b8e502dc,52
0x21D7cAFB75d368748eb1E3DA3fD82A28c3a7cf1D,60
0x21e786391d907c96caf38633dba2403b5c38ad78,52
0x221CCd347031cC0399d166AB9dBEBf6C24A9ac07,60
0x223f11CBdC5161e253478De5083aFc709A877a69,60
0x2242b1cca43ff179428b229fcc40b49fbf272e4c,46
0x224c0551415df1bfd298c458a8b1ba135c7ead78,52
0x2250Da627aD8dfA5B3ADA5eb916c96f28567AF0f,60
0x225e1bc2164d7de2c6f606b479dff52c4cf649b4,60
0x227fa6ea71a97f086d39de7de24d6bb02ff272bd,52
0x2288C53BC0bD7050aB4B367852a770aaC7f711a0,52
0x22937fa10DB451129Ba82de3de8f233824E4f1f6,60
0x22A89aF6F574a9680eaf706e2F7b1B8Cd3e2f445,60
0x22dC7080C36acd6e64569173d0931Ba8c28D841D,60
0x22eA3e6a4D023672ee0853aB937D62267c73cB33,52
0x22FB1D4771b030102F29bFBbfccC616c4EC620De,60
0x230a5c0214955d71ab11f8cb511a9ee00465e992,52
0x232650dea5d673f9ab0e85328c7964b1737948e7,60
0x23407Fc62c16cD1949994F2089288a4d51C9551F,52
0x235a18bd57a2002a0752505120f14b8b15ab4282,52
0x2369c954a76efc87f0907192fcb155391bd10e75,52
0x23a5399cf9e3afbd78293900db8d458ef104deb9,52
0x23ba78d1d28ef9a410f046ac9f0181278414151e,52
0x23BBdF68DAb75a67A86d8317410eEbC0ebe7911A,60
0x23BF13F7b8231b1568f740F71E41e64c6FF77621,32
0x23c14e77e980e8d90851c72678ec5f4255af7874,52
0x242c7bb2ef3027cb94567e365f12fa89ed518630,52
0x244b53e953c6af07d7ee5f320caef72a18822170,52
0x24549452f17742BE2785C86A70FB0C45541DF193,60
0x245964e676a22ecf8d121ac56c3792584dca7842,52
0x2460A9c8dCbCe5766D3F020416FbD7545D379438,52
0x247567083e81c27df6612e08c205a8c67ce9b2ca,52
0x24890f7b231e0fABac0ec369d8b3684dBCe318C7,52
0x24B34F6b5c83CD92Fe5786837421DbB185AA1d02,60
0x24B34F6b5c83CD92Fe5786837421DbB185AA1d02,60
0x24B34F6b5c83CD92Fe5786837421DbB185AA1d02,60
0x25190d9536f4afd632782e49c5773e461ac01625,60
0x254BeA955eEc571e3adc7D44909aFB8166816AA4,60
0x255749ce8ab1dd14c09787e7405a15ff17c24459,52
0x2572b493444f64b075e349c07497961c84b8cb5a,52
0x258c74717C3dC19B1Bf6505bAB0c583E3A7d6F3e,52
0x259D48c48DEE9684B508a10c31DFd1Fd0a168A31,32
0x25b65e29930d163e93cb6a6a9d3a37cb58640f06,52
0x25cca26fb6a92993863e15febf65197827897817,52
0x265071d1090dd0b3af1447e26da56ff96ee7016f,52
0x26575ebc127fcea85af4c40e3032b9a40a65c280,52
0x26e6169dE86856d9170A2c2914150Ae57468E0eb,32
0x26EA07FB70859f94Cdc5852a1138C13A8933983A,60
0x270044d5e30d162c04700f4e17f50af0834d700b,60
0x273A5a27fBD69b79C9A262263bD7cb14077B8dD8,60
0x2746ea53c0398963fbe47a9d09d13b6d1424e4f0,60
0x2747cf0257775d9d9825910153f57270eb2d9f2a,52
0x2764a735b32b1df4287fb5d7b556f8004d82abb0,52
0x276F718F35E44b744e8C42E3A2f474bd360C074F,60
0x27cda5c9e2afdec516c2647b09e04ae3b0807198,52
0x27d0be1ee83eecb827216804f2e48b66ca4f8354,52
0x27d9fd729fb2dd618feeadb921b65daf79c7895c,52
0x27eae3744353fb77e3935f70a8a588ca9a6b7378,52
0x27fdcb11fc3af7d8b89f3ed1522693c6c21dae77,52
0x28184877D6B0DFD9fAB281aC1A68f9CF27be3c7D,32
0x2837ca48000473329CAD5182f8DDAe44b9269ADE,60
0x284e9EAF102b084457aeC18FC5B3661904461969,32
0x28d0f70fa8c6e9657ff1290616b5afcbafb70eac,60
0x290af37ff02e1Df16dC8F6c88933DF62148F777A,52
0x29189F9Da59e969584eDC22fe6f966AA8B9c5026,60
0x2942b52db7965fa4e007039febe33eee767401ce,60
0x2949764c330a13a00b3b49dd36b1943908d04e09,52
0x297603B4771D47728877AEBf9032d52b63342792,60
0x298045045cfc42849334cde3717f67d67b0c4068,52
0x29ce5c2e62cefcd7f30113bd46fd44912e5aae54,60
0x29e00EEACCB773057226179DeA007c0084d7bDdF,52
0x29f46a92078f6011a47df128af735208782579bf,52
0x29fae83b5609b5ade057c698461f0a8420a2a565,52
0x2a0f8ff14d4c350760dfab2090fff7dfa3033470,52
0x2a1bbcdff7a047d82fc8829faa0d13a8d2cf1dbe,52
0x2A290AAB17b16Fa4F5f32f65BF1d24F017609d2E,52
0x2a3ee0b594274037012d9ad4fba45602effa9115,52
0x2A771B7aEc6C8DfB219889D677465Ad7411F337C,60
0x2ab8a2a7e5112f8fff6fd9fe5684e1bcfc50fdb4,52
0x2ac42dd5ad98400967d460924874cf689edf4d80,52
0x2b367d6879882dc73C809ac675C8706363ac0844,60
0x2b8507CD8915365b4085Cd261b9Ba16FcF13eF0B,60
0x2b8Dbd263D35c5367c494aBfcC83305071239e59,60
0x2b9cea06210c1b09c58f57cb462a971e29e73be1,60
0x2bcf009186eFa9b7E299c077b4a770AD3028481e,52
0x2Bf1c9A7F9c13E63f6e18e637B2684841e6Bf966,52
0x2C7363CE8566E233a527751A70a69602efc72ed0,60
0x2C89caec94A22a42E0Efa2F1415520684717D861,60
0x2cae0fd7098316b3179cd013986f39bbc6cae532,52
0x2cc9Db61eE589D96a1d133AfFdB5F8DE9aD7C329,60
0x2cd91226dca971c3bb4e93fcf04837996f7dc2b2,52
0x2cDd52507558251097342AE07696Fe66764667D5,52
0x2cfa9b39b6Ea4bd2F21C3Df89AeA929D049378B5,32
0x2cfb9B8cd703a996F7651a569FdCbb1A9e8CE046,60
0x2d1A462606a53De76FFF2EEd1C93b17F490d9e12,60
0x2d508446778933B1df34092F20e78d8ab668A48E,60
0x2d5ae23207f092e68ae01862705c2360a87cfbdd,52
0x2d70af1a31c32672211f7c8e3d0a275b4b46a973,52
0x2d99d6a8eded72e468fab57d4ecd6a786fa046a6,52
0x2db4625a9ece077cb432d1a84b85b03c15721be6,52
0x2dd465a3fc2226ece4e6f74b4488869ef564f1b4,52
0x2e14289f7a33028cf8f3ffff88557e5b1090ddac,60
0x2e23d2B5e1315af9b95c6B80dB3458f6E256B089,60
0x2e5392f3d727a5c0e5a2e4a3530c2254dbce205d,52
0x2e577a66fe077ffa3b28be5a2f096734b028567f,60
0x2E57deE5593717D35Ed4a5f88Ab20Bea6E7283ca,32
0x2e58bdb2E751a4aA23dcde34005cfb5D1540B82d,60
0x2e8a66936e802afa0c195dd3146caec958233d3d,52
0x2eeb17c2e810a80e76c37003f0540fd6c75dc236,34
0x2EEdD5de8E794A19F0487101938c3d31A58E5503,60
0x2F1A00127c850Ce01146dD5de4d663A6aBc2b4d5,60
0x2f3986e87a121f629331f4cb898b4ceabe0f236b,52
0x2f82404afdb66d2599737039ed23c51203ced402,60
0x2f9426Ec84F8Eea71Cf372825895c1C1b3780E30,60
0x2f9b1476028fc843da8cd9beb0c8c395812cb861,52
0x2f9f8172efcc1355e5a18449d9b5b1041b3e4f8f,52
0x301a1130b0D5197EaFF7d48fBb11b6c19a7B416e,60
0x305b2dad22338107c67c4b8fa47e50343d38e778,52
0x30897dd79d8ac11279415fd42a8cb82dab5349ab,46
0x30a3c739a384ffc4224e00d3fbf9d38616666634,11
0x30afbb65391cafa8d9849b5e5e553b072d8a940b,52
0x30be0f5b3646def73a0cc270a076be27a12ffdd3,52
0x30E11e249c65b70d58ee9ca501511762dEe702b3,60
0x31249fEb65D518803710e6C9FD73dF8cFf8a9B93,32
0x312a39f03e038fae7b67aaeb389e35c72c765ada,60
0x314ea7a6cc428621155142ec98d8fd0beb03456b,52
0x318089ee3de4ca847254ce4961bc2cad5e63a740,52
0x319537D41fCC78bE647E55fA15F1C860E044FB08,32
0x323b06f8a39c87645b6a717884a8113861114f2b,52
0x3259380E7967c9c1C4f31F6a6A02D015fD5E2216,52
0x32bca24cfc25a620db6d1fb2dce870f6c81b483b,52
0x32e80a0a199de055ed9140df9d29d6e41f595469,52
0x33231c4171e4d6a864c05b6db61467ec2424efa5,52
0x332dad077cfe2ca20c7e29a0590f899945b89312,52
0x333a43ffca23f44325366d7bd269a7e23912471c,32
0x33e5bfe82fc5e44089ae302c8f8b3a36df82d079,60
0x3420c19bcd121e6febcc20fd502b14a71c2f857b,52
0x344cc3951b99b50671f5322a400ca095c4b21ea1,52
0x3484fb916eea590f231f994bbe27028cc58013aa,52
0x349a98b79b0e99ca00e9cae0bfd7bb640616a730,52
0x34a95b6e224debab6f4da25db16e0fe0ab6cef11,52
0x34FEE3ab934E314c8c67C298F16bA40eC6A992EE,52
0x3511748c00b6b2dd9f77c1141cec9c0bd7ada5be,52
0x3520D4d148D28793869ef49Cdc319138DcF59768,52
0x355b74Ae01C16109F8B9319a90c47B5B6f15b1fF,52
0x35706dfbe28425dc831af3517b41b176e009cd0d,32
0x358343369c26EdA6073767ff46784144fBD70057,52
0x35ACB00a451Ad32F09c51b7a378B0c4A89ABaaF3,60
0x35e66f648e34617966296cacd6eb3114b74b8b9e,60
0x360f51fe61571f026ceb5d95c7be143f24242f9a,52
0x3614e8f23083a8305413cfc99c73dccfd021eeeb,52
0x366C351c65e400417A98A8A1D2E46fF4100efbDa,52
0x366dadBB3d35605cC1650Bb0cdb7644A3b767191,52
0x367e9c3ac0e28c1536d5503de72bfea24fa4ed8a,52
0x369d055674323f66182c67f5a77547831e26b63a,52
0x36c4327eb4aafa69c3ffa10f014f5aecdf04bf77,40
0x36D44d779E3772ec8452377AeA81600329855beb,32
0x36d9c3870c8448ca830a0b421694bb1caff4e45f,52
0x36E7624d4e5E944Fb4AaCD2a232B620d3E0d4D78,32
0x3720982350c92e75e63a1b590d9e4562b79b01b8,52
0x373F5a5dFC153D217abA06909A18d71016A462f9,52
0x37520e3f23097EB37f67e8848D1149Ea5f0efBea,60
0x3757A3508333cAf42F804Dfb90346Fd43d86205D,60
0x376523E5F6Fc2EEA85aca395486099b21F77A741,60
0x37841fC38c8fa0d7CB6aD4AC7690EfD2D9d17E32,60
0x37a63ecdd48f34998b2235a5bd64e3e78abb717b,52
0x37e5f9f637fad362734ce10106c4cb822a057ad2,52
0x37fa6bbd0d75ff7fb74cd09565c759231e8b8570,52
0x382cdbD54953eC8ADfd93A7BbfC52ab0414B48D8,60
0x38abcd2c90cc76059308221ee678ca23c4d20279,60
0x38eba71962408c32072f3ff18aa9d170d14ef32e,52
0x390b5b50b2fa9d24395f88acd704aa2c6c44f68d,52
0x390f748c8d02764e00ca62a1ad7e783f86a701ba,52
0x39134f5b54aae49a76c4c015c0a5c41241181e55,46
0x391539ecf3889a8e0a92c9bb1b0b832d8825710e,52
0x39269aAfBa88237f598c9859F466f57C1Efa3515,60
0x394fd68cCb6aa13684509E1966E6a9de8Bc2838F,52
0x395f23d33e981d6e1b5930571955c7358b3a14e8,52
0x397ac9aa39e3b76e3a10de427a79131524e6339e,52
0x3982D89C8e48026448dc88c12c28Bb9679C4068d,60
0x39d9bb332aa6ca50ac5ce7dbd1898609f3d4bda5,60
0x39f6bea0cc8471367bb7fad326f6a19100acadfa,52
0x39fd84c0e0eafd6aaab7f23890030d628142687d,52
0x3a3248afb99ea1728053236fec87dae03612e5f9,52
0x3a52b5Adc641290e4BE0813c16154Eaf955cd562,60
0x3A5655ec0a2C775154610D152Ab871316095324f,60
0x3a670D797Bf11F14015EF805290F1eB66bd7Eff0,60
0x3ab5fc0c5e78dec08a536054d988d98dda3e7419,52
0x3ac022aacb9d08e2ba3e0ac90644c6a98fe89d94,60
0x3Ad11d0238051573278fE496932a12D075f1F6Bb,52
0x3Ad7d53577e38278A0a391a61A9BaFe42Fa36140,60
0x3ae7783b7fa466e2c9197e60c05c84d6683cbc53,60
0x3af63a2f02f2d446d59a89c71c88aeac685821be,52
0x3aff4c9f384bb6986981693388c2e78f9d4eb7a0,52
0x3b4785504cf3e867a5d2e62de031dd21fb2f2a5b,60
0x3b89c65610428d300a6b52144e1e0ace30a77022,52
0x3b9aa075b515edda9898aa77138745703612f6e8,52
0x3bac4be6d0af8e8d57748531da16cb9f6b720dab,46
0x3bB735e97800A668f85416d5CbCc0699903a4fDd,60
0x3bc359f03221c990c8a89467909403600affd2d7,52
0x3c0740e584f839bb0d80c180f6c78d22dcf74507,52
0x3c265beb285a41bf7879d06a4c33e3724ccc4946,52
0x3c36055f286c7c9226f63b7160af3569c5a0d06b,52
0x3c74f6d74e7575d9D0d5db89E55600987a7b5fd1,60
0x3c896f35411f468A22dF508f22822fc23b2DA37B,60
0x3C8ba0c91898c4317E69d638B26E005640271369,60
0x3C91aa7990eE15014c29eb1650Daf210D07c7762,60
0x3cB17E6C31B9495856E45F515762e3008688e535,60
0x3ce1046859c7194b57895c410c5fAfd39ECBE6bC,32
0x3D5d66FaD657548909861Bb178Fa9e5584C66192,60
0x3d62c0103757fb84aca4bc3bdef97c0694b494ae,52
0x3d65fb1e2c8b811843e772e1fe19cf3ca09c92f2,52
0x3D841FEeAb47020D26bdA6683e32fC2D798Fd95D,60
0x3d909b6cb958a32f1a6e0d016c387a3a2c8decd1,52
0x3d92346455Efb7506F32755CA2eAfF6af731A418,52
0x3Da467b70D244149e62CE500903FDcE90bEF2197,60
0x3DE90ac8a0b03F90ed43294d5cc89B861Cf98EBC,60
0x3e58dd42d7908d8924a599e5e28e15f4f58c4075,52
0x3e5f8a93e2cf3dcca1918cb82fbbdc3474438393,60
0x3ea37a9ead12f5401109cf8ca3b1448be7eb4706,60
0x3ecfba75d5a113241ec899888319a9e1e456ee9a,60
0x3ed1B969Aa200f91d5e83B13Ed660004CF83c9c0,60
0x3ef662b4dc862d7744c16a2b509765670ba54812,52
0x3ef85393D9fbC136EB9FbEb84042705e850bAC0A,32
0x3f071a7083a7a2328f5a758c6f1bbc51930f89c9,52
0x3F1Eb78B12bD643E862B33288EbE5cc079cB5e50,52
0x3f271833fcf32092de39fdbfb5b6acf35efb398c,52
0x3f2ca06b3cb6453ef58a334a2719c98dcdb7bb87,52
0x3f3323609bc9d10aa99fa7db3a2d1ced16e588f6,52
0x3f39CadE3c392d52B87325a0B5480Ff32b643d89,60
0x3f482cb3e58d2e71a9dd1fa0a225faed7eced3ea,32
0x3f4916b0e6a3141b2ef00770e1e5575d636943f5,52
0x3f4a3f7e77944ca06051c06045e815fe923b1a52,52
0x3f9f0d4E8090921CE033094e623ECF53C7019a0f,60
0x3fa336c4a427b9327d7268062ca343700c428214,52
0x3fadaff484bcd51ae488a2987c7e87c542d4bbc9,52
0x402d130c64bca6aeeddda244687bd6111b06b310,46
0x403dc757a8dcb9d806539311ceaba7ebaec01314,52
0x404d5f37fc20a8e20f90cb8b9d95b65b81f4ef5b,52
0x405AC36d2F32aE752bD85A2937EAB0cAC68c5a8A,32
0x407A8a5793695F1d3e373b756f61261816BC4329,60
0x40a519EaA6705c674229A363561a53Abd1e50F96,60
0x40a7c8cbbba662921ac35c9865a4131dd3190c58,60
0x40f94ADC1D8589F1482A97cfB19c972A0520Ea0f,60
0x410b351e5b8439c11f39c86a80edfe16b209f8ff,60
0x416365993481e52e0472e7417656276d4e147a00,52
0x41686a0413E592691DE192bAcc510D23DB12fb8C,60
0x418e0221e3936da98fe9816df8753712958b3091,52
0x419b0240feab3fd2b35c822c48634603fbb6922f,52
0x419B4E5E1993AEf59aA9c0178e5c029a748EB9bc,60
0x41e11882060f5f4e30c7c6c06db7f70bc6297263,32
0x41ef472c2c1194250704f5eb62d96c0aa9de6b46,60
0x41f48c1b62dde6b9666a762da51a9694d56f4926,52
0x4212acfe54d806f05df1b73fc569b32605ad8479,60
0x42221970046C09b14812Ed4fFaE4Be76B7E9b275,52
0x422875df5170a421897e6af87d77fc1a78ba2d1c,52
0x424E10c0E756eFB6a50DcabB892E669Fbb3EF8dB,32
0x42A9E8CA860F9Fd05083D20163225DFEeE8a5597,32
0x42B823c6e5424DcC5B934d01B4588ECB491b6c20,60
0x42E4507E2F34290dBFA60eDC4e9fbdA8Bc88BA83,60
0x4334aba235ada0bc5327d490d665639400d11bd8,52
0x4334ABA235ADa0BC5327D490D665639400d11bd8,52
0x43831ccd4d1ade29e185b249c356cf5367350ce2,52
0x438bFB16e1de0E1AdD45e12e43A61167fF55C66a,32
0x43cffa777565cb0e52407798c1ff69fa863ea12e,52
0x440c5ad10fd443825a09e5e04ef7fc13e2dbcfd5,52
0x446dcd169832C2D2C0202ABEd2e6eEBFC30Ba505,60
0x447fe66e555e2499727f8fbb8484b32979116a5b,52
0x44a6bf91ddf54edfa4e4be83c41c2f1d17e22527,52
0x44a8dda9608fe15255f7eeda23cd53d1cefe1445,52
0x44d43dd2bF437Ce904B6fd79578B6847AE4D7557,60
0x4539c5d4bed292acfa9adf227a083e951aa7fa67,60
0x4547103ee90cad4e19441b4ff20cbf08f0d69486,52
0x4553Dea1aeA591D5f2cBB0Aad8F7B28c5236d98c,32
0x45937DFdEBC8a50d57B5815817fc928a83354d97,60
0x459cdbbe8aa42b9f3922d6d8076197c987e559e1,32
0x45C4A57915CeEBd4174Fd8e67D2d86bEcd5953a5,60
0x45d16658c29f1345c99ee1ef47cae7504744cc14,52
0x45da129bb3524ac5bab539651321b67723664c77,52
0x45f1e358aab0ebfd03be8fd7cb3ce64120b585ee,52
0x46336d07a3369AF116Fd0f9c3bB5FC43c0D90686,60
0x4637845539E7255878C0C267927d1bF68Da0b591,32
0x46ac0c9c530dc960a4df75b20b594fba243e5b7c,60
0x46Ca59a95AAb42Cedc10aD18bf81464532B4C14a,52
0x46cdc4644aac8ef39f904157f6dd847ee4c529cb,32
0x46d079083d9530b48564eae6d7d722add05602f9,52
0x46ecf089877dd0d0d58e5ec3d1dcabf7fd867815,52
0x470Be49083467335F0DccC2519ab467cdBC8E8B3,32
0x4795d02f944f3ccbfc10ee251c340feae81eea29,52
0x47B055a29E709aA1c82C3D9383abcA88d94a674D,60
0x47B055a29E709aA1c82C3D9383abcA88d94a674D,60
0x47C1532df9b9F0c5F1e179B6cdf7061421D811f8,60
0x47c49755d82409458c21b771451db43f0e02e829,9
0x47d4D070f3DEEa254de46da5A447F83bEA28C08d,52
0x47eb0f7fb4593933f0f60b76a3cf07121a69c4d6,52
0x4865bb082ea0e75153096cbfe8ccdc2acd868c67,52
0x48a4040c0b14de3bb9593d6293a54f30cd03a983,52
0x48d7011d753efc8e28b64b5577c5d9ac0d50552d,52
0x48e31a516bd0faa2d6f99392c3a9eef097f8c7fb,52
0x48F671E5d37382e6B39ED520083789D675D220d5,52
0x48FD4da295404BE900Ad27355168be8618880810,52
0x48ff935a514dcb4133f5995b4409e8b6679ec049,52
0x49047c2249c41fb2f28b5c63d96e32eeb1ab4513,52
0x4927925f06853056486ade855ca61b91a9cc38ea,52
0x492D6824d52b95b09bAf3Ff838d3660223774f0d,60
0x4975f50c50d8f28daa0ece50dd856cdb014a71a3,60
0x49d3524e726593e77e52d6d6da53e70456de15d4,52
0x49ef29a2c4b5210657c5a45d854d69b7387bcc20,52
0x4a0b44f1660ddc25b220c19f26f899e3672c5298,52
0x4a2687f08cD56F6d6A73fb821a29F4b516c295bD,52
0x4A383ACf8e6CD2ED63C3d9fefC20769Ffe8E83Ae,60
0x4A4f6C77aFD54dC249fA64cB10094b45Ff79cF8D,60
0x4a5f74355ae11fb7227fd51653cde9413459f9a3,52
0x4A646517b342574a35E4C073CBb1D4a97288a273,60
0x4a72336603b54d1cba89d7bd56777c47ea0e6253,52
0x4ACCA7B976f8E4717a519dd61D8C16d648C06386,60
0x4adfe17a314da0380908ef9ed0b8e79d61ff14af,54
0x4b04714ad941f25539435218b7f22e3200882a4b,52
0x4b076fe7bdeadf9c96fcf7646c9538d6a94bf74e,52
0x4b86ae42862034b27c434b4f95b01228ced6ec2b,52
0x4b98b9ea905fb2d771d15cd69035d3468b112ee0,52
0x4b99f6913b994813f2bfc50fd9fdad4fedbac10e,60
0x4bd9e71910a5526375f417232264b6dcf1c21e49,32
0x4bdeaad627964fc015c22f9ec88f9b936a0b434c,60
0x4c24b7ac0265ce5fb8d0f75f1eb9b1f0bb8e7b5b,60
0x4c43536b0aaabcec08d444782e21454ac4de42ae,52
0x4C6677db8956184A3a85920B7AFc313896302FE0,60
0x4C96f96E38204CE20F34132F712ABaF78dD155e2,60
0x4cd65A2E669D984c3eEf527735301eCb2032841f,60
0x4d0ed99657de8d48d23122570ac77e7c0c9dd7e2,52
0x4d0f4cf367568903b5f023809dfe9eb15b5a8e20,52
0x4d41239d4f621aa38b72bac194c78be73e0c2b13,52
0x4D61EF11aA05DD8CF77B52df6D798f3b96CdE596,60
0x4d7e6f4a94f3a322e18ac9cd28eb1ffcc00ea33a,52
0x4D7F04F9c37Af010e6c397F66E29C888B3337d2C,60
0x4d8cF3F968d58E3857BA34d597a7E031BF64e1E1,60
0x4dbad39921d099540d7b777fdc01fb2c28a79d3f,52
0x4dc72feaa5b882fe702a14a7bd72be4fb9962346,52
0x4Ddb5eCf59efB1C7302e6aFa44A1Bfb2D69465A4,60
0x4Df9F83df77A6B0604e075736782f183bB686c4e,52
0x4e0b4992161b94ffd61d487e480f4617debb9fc3,52
0x4e34409d74a067D471b7aC7514d0ca65EEA3A1f5,60
0x4E6f2fEdA1FDEeAd5E6f3Ea04e146ed389A7E52C,60
0x4e7243c2681857f05891be7e91a6049402dd7406,60
0x4E911a8C446cd59592268A4D24EB0c36a5a399b7,32
0x4e92e05f7670173A7A04fa9049EA5A71FdcD09df,52
0x4ea82b4d1a1f117488e30a728ba0903f06dae92f,52
0x4efc9a4573e1520c3d0cbc58e7b9ef8529cf95d0,52
0x4f7c450df0bc210376dea08751e230e96ac5da73,60
0x4ff3073c2fb43e47ffbb67bb2efa5d83310503fd,52
0x50631b9ff1cf6298f80a9e517d309ab74eee757c,52
0x50cb790f544F3455E3B8AA2B522DE5110b04Cd56,60
0x50db40ec5ebd0d9eb59be43e9c99968e0113caa3,52
0x50F4075c54F43d87C4515210Db6ce1eB26161DEc,52
0x50fb3485b7a501491c88e9e6d94b5570520b81e5,52
0x51676d3d766881c0f2e3661b86b90250fae7f7e1,52
0x51c6e9bd43de692be2cc986bf49f6152990995aa,34
0x51c99cd87f19a0633f45b34527f1801da793380b,52
0x51f12116d2629cf6afc3b29ac6537bce4826929e,52
0x522c3D6C43E0D26961CdE1Ba77793EBBd96638BA,60
0x524183187c3c5c70ad4b92b1bb73317368bbae43,46
0x5298917bea4a8961ce976c1bfc94af4efb4af646,32
0x52acdbd78a1c920f3e3becf4f671aa3dba9733fd,52
0x52b3f433ad4277011ff789a6187113c676bb5992,52
0x52c169dba671297c3ad0366e3b1c273ab9fb9c19,60
0x52c6E58eDbED2d0de3f3b1bca6Bca6c3ABbA730D,52
0x52Edb5bE42E55eb10eAc2f53eAC927520d604980,32
0x52f2346cb16ee4931d0619f4d1d44bf2db12ef94,52
0x53127971e61886aad0D912E14679c7286E8E5Af8,60
0x531F072b8A63691421D7D20d0EA166df824Ad3EA,32
0x534D5fb70ed35d05f348db34fAB51A2EF5739Dbb,60
0x5354a8D39Dcc253b7073D898AE163e27741518d2,60
0x537Eb1D8Dd2637ba5302e5ab387b218d9e14d2FA,60
0x53b673BFc531536C8BB06c56B194F62dEC20814C,52
0x53ce9144033c502f65a5bbb4b4f4ec2e4c69bfa5,60
0x53ea91fce4eb62fe44b38c237489f75e7572b41b,52
0x542f6a74b09ace947ba632878d24d5a4040ebd38,60
0x543d8c37cb4ad07714ca76142ea6d19825508090,52
0x545467d32166b978f1F059c76a1fEDE8C00e22d1,60
0x5461d1a749d2d5f253c4c6971cafb78a86919859,52
0x54d17d1df2ab84cfa17528ac36d0baadc028ed69,52
0x551BC62122f19C2D9191cAFb7c5A3f7bc02283BE,52
0x55a1cd90c5fb0dd3abe513f547ed8068d960d3b4,52
0x55d3984ed7349d6a5000b8cf8717e001e4eff7d8,52
0x55E702Fa423ca3C27b02B314945FC62E36A0Ea88,60
0x55F566036820C07494E562c92d673a03d46D9b23,52
0x560837645D40A2Fb1CFf8cD09841FDf9320eC79D,60
0x56097d27339ee453954071972a495ec554936d53,52
0x5609816474f791F957e9AC1DBE39b11E1B29B139,60
0x563b149c40b798abb7a41455c6b8f32aeefb990a,52
0x5673Ef3367D588B8A1D9501c2988F15C5791379E,60
0x56861cdd7557eda68f04b5496aa6a8585cad1d04,60
0x56abdda35ba31133e5519383df701c565030682a,52
0x56adfa5828bd73fb933ab1e3baca8e4d285a6255,52
0x571D285AbD328725dcC82a292629Ba4e7cb6055D,52
0x573c2ed7e9ca3736dc7d39d6a38352bdff8b34ea,52
0x575F9D198345A6C5A5e96796e15F34F154092251,60
0x577b8cfab0b4d9c20c11f700a615ba656e0a86c3,52
0x5789584469dbea9b1e6484eb5abe7f36d20ae54a,52
0x57d5bd3b0cc327e922b920f8ce3820d465e32387,52
0x57DA5fB4F8C2F2B2B347D5da58A168e95BDef219,52
0x57f94Dfdae5174aDe49d6b212134DfFAf19F774B,32
0x57fae77859B3864d99Cfb2C22D592c3B4fE47e49,52
0x581d881b12bc4ebe05e5f3de5c4fa4bd5a54cc87,60
0x58675d3aa3b1afdc7705a97ad7a9c86088373acc,52
0x58739c4c521e5ad81d1fe048382c813ca6ff15fd,52
0x588EE1dd7ACbF3A9Acf977Bd5DD2CaBe950Ccf94,60
0x58964Ff6C37BFCc4263f79943D9617E5Af312926,32
0x58b1b7a4614b126f32421c2e47a9398f0c01eae5,52
0x5901c6e3e99a52d0b559717374f20c2d162f25c0,52
0x592436f762d8c4a22054dc2a4751e61fae67cee3,32
0x596cda8ae806a714d67b0335f1ce2e241825b467,52
0x59BB89279C2f0fbCA6626C7363ee431bC1679b6c,32
0x59C332633BAC773BE73c4fFE2A596f0390814E4c,52
0x5A6646d8f27a207FA65acE1755384a8dA066320a,52
0x5a756d9c7caa740e0342f755fa8ad32e6f83726b,52
0x5a77e5fec6584908ee75f6f3bfb1092a7b395119,52
0x5a89523D7e65bFd799f0Ab0326988A441983dADc,32
0x5a9b32b93b818873bf1abb1d7ccd6a54c4768f96,60
0x5af539d741db8a4f9a7bf4c37a20a4d8a4eb6568,52
0x5b1b30726052fb86339390dd3708c78d6f04c3c0,60
0x5B1b30726052Fb86339390Dd3708C78d6F04c3c0,60
0x5b1b30726052fb86339390dd3708c78d6f04c3c0,60
0x5b22b717781f09be273fb0985f5b0b9b55e93dec,60
0x5BE9afC84100d9a6293b05ca9da7F2F493b514C1,60
0x5c57c52856d6d9cc8678ad3b6b52267221ec5e4f,40
0x5c60a70ba42cef61bd8e6e74d78ff63ce14865b6,52
0x5c63b361cd0476d3706e1064b112f671de0dc23f,60
0x5c7db7e1ce3cbf7096783bf57d32600548ebc7d6,46
0x5Ca3373562FECc8c0a14AeEb6dC829D630fa18A4,60
0x5cba1b7b99514eaef4ad17ae2dbf682b6e54d3d3,52
0x5cE47899bAC3fc857afB7a0b9918134bf4457580,52
0x5cf8A5Baf4417033d405D096466D21a0C84B8461,52
0x5CfdD4Cb073c971147e3BF5313F4b986Be319183,60
0x5D00FdBC26B4bB95E261D35AB0E5F9c4D6B0C0A3,52
0x5d051a81c844EdFF2617B83ecB0a24160b13df69,60
0x5d0f66c4e406a8e6f00ba6d0e3f5c95292cf812f,52
0x5d1Ba847D76d05Ea04b10E0aD3a069E48f08894f,52
0x5d316984d585d514a8a5292609ff2af316d8e38a,52
0x5Dbb1b2A4aEdA06209D2C057e918fFCAbEe37006,60
0x5de9286e009139631ae8f92cdeb70c0aa1b50f22,52
0x5dF503004869C394C0B26B1666590E694EFB55a1,52
0x5e5860aa024041ebbf45a04db0fa8c5969cb9ddd,52
0x5e6cc75351c68b8ab96a38960f833c947469dbd7,52
0x5e8005Feae0549074aB4d9aDa4aC79ab86Abf93A,32
0x5E8A7652f1b053C714a75A1E7Ccb0A41334e0A4D,60
0x5edf12bbe15db61aaca7ce44f4f00bd49475ec60,60
0x5f1069249d25e09342629d1d20cdb0a3546a55ce,52
0x5F2EFA62AFeEb6Ee600995bACAB9544A75173751,60
0x5f55717c85a41e9a37302ad31ec3aa33d5fd9ee7,52
0x5F6B8B099C7348Fa50C630C7955C998f6784EDEA,52
0x5fa5a9d0bca0ac4a57955d59969cfffe5efcdb36,52
0x5FD303ae06974D1446F2244De640EF5b189C0e12,60
0x5fE126610A124765770Ceb7DFcbA1139f94430D0,52
0x5ff7096f4E89C76235E230Af990d0db754543644,32
0x602068cff11f3e0855576046fc61f18cc215e6f5,60
0x6034af6a7d178a64cd554141493c63fb25d3a3fe,52
0x606CaBaFdfA0E49bCF8BAF25Fd9E7CF369DbE902,60
0x6085b731fe55eDBa9e8eD27C07c89c612D020632,60
0x60f04cc4bcf62c947088efe8aab0eb60e8830d9b,52
0x60FF1f24bD8D21e0539C1E12ff8f3c4bc6C18121,32
0x615e814e747280e70f3e2c9eccb1e224ef38ecc9,52
0x61bd9c6baed973b00cbf089c9b4e2136108c4f9e,52
0x61e6f8812198e172a6104f8c956e4b58859bfab8,52
0x621a78107647001748c6b6b8b25c9355af34df28,52
0x621FEfD4830D909DE083a80a75aD98A0E7F2dA26,60
0x62516b77a472D85c52fDd30340dD81c2fB32Cc3C,32
0x62577f4489476aac94e0cfea33d8499372f9a183,52
0x625969D4F57dF0f519fa905c7933df4189F6D0E7,32
0x627750c65b73f2398d03be1559eaa33a5290d204,52
0x62a2f5e9f3da9c3a1a63ed695c3c21057a067cf0,52
0x62a5e60c26d031e6aa28a3ef55a6d1345d60ca4b,52
0x62A7e4B74F62E3323099CD1E4a6000245FF0c8Fa,60
0x62aC30Cb5156113fC2be93ec00c26e7fD0ba9ba7,32
0x63190ef4fc61a63af65c9afc7517a874ba169153,52
0x631ab8eb40588543df900263f864b6376d56a587,60
0x632ba434a590f1ee6159a2af6f259ce92129df60,52
0x636645ec6df10dcf57cec532910de7b6f40c4afa,52
0x636922e800ea03ba0233057aef02b4186e74293d,52
0x6382761b97d638260d9E984012ff7A72710bAace,32
0x63902c4c6E943e968039da7CB7cf76E51868E2D7,60
0x63c40b15083c20c450f1c1605d2d32f750ef1721,60
0x641a5a81048ef74a5b891b7ce1c7db29ebebe234,52
0x643e635052d74f7e245ad10cf7a936c2d78d5c34,60
0x64589c04F5a0bF43EAB124Ca347dD646e53196d9,32
0x647c5d0108500a928900c4629133e8d5335f6fe3,52
0x648d600e755c96d8a553ed9cbe34be00291cf1f6,60
0x64b7c0c3e987E6109afb23366a07b1a538f79bD2,52
0x64C77b75e1C370b0DB07761Eb859aBACB18d096A,52
0x64dfda3c83415d13eda56449e46554e6511b65c4,52
0x650bE333F002f790658885Af92e8fFEA0b32326f,52
0x6542617cd752bd9b38e97d83bdc3c01bf4c17325,60
0x654D3445f0F14dD58B0adD9c0afEB4197d15264E,60
0x65550F2D79F7A3970641262bbaA10238Ab432899,60
0x6568F4Fe0Be500054fAC0C4BE461573849b02752,60
0x6586a894027bba22425ce5b9ca933d1ddc4b3acb,52
0x65c06733c7b1d99eb95cbacf3e463eb62ed0fd91,60
0x65cDB5C4B7a145170B6da09A2983c5Fe300F0f53,60
0x65d03eee0cb9729bc33815c6b6a1d5b6664f46ec,52
0x65ec2c8ca7c12e6a0c82f2aec669f10359e59599,52
0x660cc13b055619eC6C11f59f289E34f760C6B946,60
0x6641F9b461a203E105395022635E6127F46d2501,60
0x664b3007016B65D34DaC35E043e599d53A87Df4a,60
0x6653Ac67aD3d9f5C5ea102E5dafd44C95a8f9dc6,60
0x668247a677f784A97d325126362cF84417B5A2a8,32
0x66b331e828ad2debd85049053564f7de7e6542dc,60
0x66d3cEBde87100a08F17E915EA924B349e4ba9ac,60
0x66f0048ade3abaa8f76b1581f93be2d1b70aec07,60
0x670cb0e83f503770abc4595f28818fd582d9b073,52
0x673b214fad238481e7b824de44f05283843ce6b0,52
0x6749f2bA6cCf3D90aa124C867539e45A01168688,60
0x6781c7577082fed8323d0a95611c8bd087f46c93,52
0x67a473aac9813218875981e902b6f5ce9d13f3f8,52
0x67aFeBceCBc996E90395f1e31D87FdFD4DDf0377,60
0x67bbf3b58b0c03803c00651b12ad2c50adddec16,52
0x67ea39e655e35fa7bd85e0ebed6bf07f860cda18,60
0x685a3d37a41c522ac786b7340859b2cd1275cdc7,52
0x6879B9e5bC169498f361aDd31A33D11d3a9A452d,52
0x68c28Cf55c81DE0005425601D5C93A1595A315c2,60
0x691c4aaafbc63fdfee4afcaa80d6ce7dd87e990e,52
0x695449d5fD8B72A55986d94B30966b8b3714C0CF,60
0x6986b5eee55d8ad8917d12779ffa4deeb563f73c,52
0x69d923634f6b872836f88c17c2681273d9c19fbb,46
0x69eb71970d1426cb0c1c342a1949af4b2db11ed7,52
0x69f2155b873797e7050331bd0be6fadbe3013f51,60
0x6a75bb2d73bba790044d73c3b5f8aa27d04f346d,52
0x6aaf80b790d36be804a8eaeb09b90fbde977f1a5,52
0x6aBA224A95750A357cF74cE090a19f51630386BE,60
0x6b0634844736068Ec8451049aF2429Ec010F7de0,52
0x6b3df8c84b650f8b33a7889a2478add743fffe7a,52
0x6b4e456d151286e1db128c7835680d60d2649180,52
0x6b5EA6B57b0998794466a75eD99bfAD1644c3EEF,60
0x6B914891e43cc6BC0A3a707c937d38E491D02960,52
0x6b9ce522a68b6c6fedb29e98193a90734ec25e46,52
0x6c05ceeebcbeaf7e119fba3a816b4c53d3fdfdb4,52
0x6c22f3178eb64e0837f9dac084c21267d69651f2,32
0x6c23743f4A2035A60C80E0B946ad3F638B67F3A3,60
0x6c4b75c482ff90cc11369096cd4f5767b3d165d3,52
0x6c53117521220a0c1725d944f8a15341ccc94f33,52
0x6c5b5a020b5d24f76b9f19185d4d573bd4ecdb21,60
0x6c6df08bcf0a0db68aaa44b8c4de7f1b67e87d96,52
0x6c6e01fadbb27ed2bf013a34fe5bdcda0a62ea93,60
0x6c78693d704d2a2c05e6aa3fea3bbd3f438993a0,52
0x6c7ee52160f77d34bf496c15d62a767fafabe663,52
0x6Cc170300C0206ccf51153f69cA633f08b271C0b,60
0x6ccd5175c600f6ed177b58f74ffc2491157969f1,52
0x6CE2AB0DFD3d1C3bA264f8ECfe52512c1D89EF1e,60
0x6d0D079C6f4aA8Cf844461ea484274803f37aF88,60
0x6d217ae5d7702ca449ade0dec159f3c3fe8f1c08,60
0x6d340a49d3f4e3e0f5008ff0c167202e91d5f898,52
0x6D3Fe6F5dc97d08D92676938A97F4BC54be19cCA,60
0x6E155c9Ad8EA1b9Cd51a465e9277cb9d73132002,32
0x6e5fD1F4d2651C3c33C0cb03a376FeDC00418473,52
0x6e6a04ee325470bd4c6af8114c74b5cfafe1ef05,40
0x6e6cca34301a9415b42d021f4c16e1ef6f41c07a,52
0x6ef6299a4527abbd0c4bbad812077f268f9ea974,60
0x6f2752bcf04ad3bd569f8523c146701088db8b2a,52
0x6f2d6634ea56911ff5a969824f7ded23faf5710f,52
0x6f5eba1ecc26b8f1203a1d32116f286fad383a2d,52
0x6f6ce7a1822c0146be89afd3aaf20e8cc3903768,60
0x6fc542Bdd5DE008787E02Be4E83579b274E6F571,52
0x6Fc65207abAaE230ca76d6dB85a9E1d601899e0a,60
0x6ffce76355025452bbb8b300e75bbeae3f312fd0,60
0x7014D3083E828a8Da833568Bbc52baAA27f82eC2,52
0x70750df43382a9c490c7e72058f776ea746b815f,52
0x70756385fb8539bd1b25f628185d4160b8c8a05a,52
0x7079f303f6eb59e26c3d2cb5d0dd7bdbb3217189,52
0x709d493b1bc7f90ea1708bf62e50164f1ba0fa54,52
0x70a49cc57a2183893fea82f67a5cd28fd74623ca,52
0x70b4bd3a674c02de786afd4ad8bc6feafe9a8ee3,52
0x70e225EfDF0EfD630c4120425FB2E7187023E8b3,60
0x70feb608239e22f3032bbcb9588ffef536fd3619,60
0x71daebf92f05038b03c1f6156ff9f409e0e09a14,52
0x71e424a2b7182243642b67bf9868004a9af80d5b,52
0x720A8c8764825045a15C673ddcB6c4f68a39Bf76,60
0x721c7fffe9ac426a028e616677811f755fa99eba,52
0x7245F895bf5688D0D94eE38Fe4f921BdACdBDE75,32
0x7255fe6f25ecaed72e85338c131d0daa60724ecc,52
0x72604039aC7F3e511cd7e10b6B44FF493418F764,60
0x7296be5ca49dcf02cd7e4ec5f34dc39b2be584b5,52
0x72Ae206be49E8bd96CCcA3618e9a7C95bd20c729,60
0x72d28b57876646b6760425b30e550a5aaf2bec95,32
0x72ea28d6b00a581cd81c1fdc28d01b9890c51652,60
0x72fbbfe76046056567816c06cf89d8deff3a408b,52
0x7317d7b2328307ad992618d9e1047ce5d2ef9d8a,52
0x733B5D096b01B90C5DC5bB48e360A3C6F57193d1,60
0x73765a21ff0a9640d5879aecc0ba7be10802311d,52
0x73a488B89233924E1288d9917fE6A57D8C9d31BC,32
0x73AaED32CebD06C3963B7E2EAFB34D9683A730E8,60
0x73f3e6f8027897bae2cbbe0c320978a590e1738b,52
0x740d92cf6270142432c38384184e1d78d4168ddf,52
0x741f5df3d8037F0F0619c5E32c48F490989d625A,60
0x74b0ad1b90667B6904ec784463e2e6aA0DA07BA4,60
0x74B8A921b70b0753d86DF349B0F407CbF5740450,60
0x74bc5b42bb9ce26bfc0572c33d60699168862c22,52
0x74ee9258ca473cf724486d2f31fa05dfb83572ae,52
0x751747b1d099821784876b6dfe7a15b81e064b93,60
0x75225783535DfdeffF433b3C5Ea200C132645130,60
0x75458b96ae82553b2fa55f67e262cfea373b7996,52
0x755858D6FC10eE790343dA80785F1f1D4D4B09b2,60
0x756d48dd0c4d442afd702a4ac12bcd9ef54ddd26,60
0x75b61111763e0e3790d616750e1556787507d03a,52
0x75cd2a6Ea71Ad1D94e1aB3502B3683A2D64c3Bbf,60
0x75f953E4c62A11f8b864ab0Bd1787f8A7CaAaB2e,52
0x761e2e1a1cb6dd13690d15522dbe1ce1cb707680,60
0x76299184Df73C4E8942FDcfb5ffb6EbeA653B25c,32
0x762F41df3d0F340E0191E7A880C8BCBD198358bc,52
0x763a588427ddabee7a42bc1c0015b7eb8a85d453,52
0x76b77fa94Aa27D5df912154bB958f3dD12cC51da,60
0x77081dDAa55D7b5EdAC2787D19FabB5de3e4c41c,60
0x772cf998f9b1dd858c863b89520f4429022d606e,52
0x774cbf99cb83ce2b376a473aca2592baa722fae8,52
0x775544e257850C69D4BB8E26026339784E20aC96,60
0x77786ee7bb87a50c5803354777e45fb65f6d7779,52
0x77904f1a4e9d81cafb47db7ae5dba46456683d10,52
0x77bc9bccc0923ea7035aeda5ad61f418af735686,34
0x77c9e49073d9830723195f3788570c2c36c97688,52
0x77e3a35a6248c8ef5a0ea4d6c5f447df283f0f27,52
0x77FB8Ac7De9314698AbEfaEEbD3c42B2fbEec103,60
0x7831ad31dd1Ec8d221590c86c7af0ae818a770Ca,60
0x7834618c98fdf362c810b0535072b001593097a3,52
0x787306d31d0f7fec6de51d3c27b7aef660faf41d,52
0x78e5d07DC7669d216BC7a115eD604b2f144D08c7,60
0x78e64c256266678dd2d9bb9172015befbd666281,52
0x78e737aefa68bd4221ee4f5c31810e90d204360c,52
0x79258b727fc49bf414b4bd8d42617b5d199dd364,52
0x792f327b585aedb3133d3d7050bd58d275676ab3,52
0x79398446841fb872ceafdef9571845d920cce09f,52
0x7950e6575999e553f7f87e1b6f22866081c751a4,60
0x79631c10373cc2401db3b125fa987d984e88fb08,52
0x7967c4120c8b8d2582b0af560f1b63008fe766f9,60
0x798b0075f39af20f87b5b1f88e27f1a41be3f7a1,52
0x79B26C067792110789feBF4A1aDC4a58d3C095e1,60
0x79f19af70f9236dbd23d26fd1acf4d03b3c9a848,52
0x7a243437d599b5c5c0e5066b802e394a6b6df38d,60
0x7a4d2026bd9815E1e8f089909B3E0Dc9daFB0c20,32
0x7a58d5fabc1b5397e4956011218f0de9d39385f6,52
0x7a812EFeA34b04563B01d8d20AF034E7c8261196,60
0x7a8a8443a311fc082ab57070ed0410734923431c,52
0x7a8e86B7205cA9A12d933C3999A998cb07020E37,60
0x7a99249ce2d8b5a3886bdb518f950ccc482a5d8f,52
0x7aa80c9acde3bb9c00d9e9cd8fab4c3c6f0104ae,52
0x7ac2467404abc4a28da3e567a9309cb7eb9a5b73,60
0x7ae02814f6aad2364d11688b4978857bec6f1161,52
0x7b34C7a0084ED98eeEEDfd3C75c19A9580bE8c76,32
0x7b5253e40ccac549da2608ed77d86aa21b929f8e,52
0x7b5466482b6A7666BE001FD9aB11280165ED991D,52
0x7b7008d6b71114e6d0181d35c33bd7834de1cbf5,52
0x7b719cd7317ea6daede9142baf8f1a2461813940,52
0x7b80eb812d69847a6502ad4a15e40bc3ca49d72e,52
0x7b96c27506e05c520F2718d56b5D80D8E954A7A9,52
0x7BBDE4a43e72E09c0d77933c4D35cA881e31e3F9,32
0x7bc1cb8e6d6efea608c89e528594b00275ed4aea,52
0x7bd128c869c2f1f995a2a97e00159e94d142c0df,52
0x7bD4A740Ce0BCb56eBf9e75d0f9e37CeD0379636,52
0x7c089b41eeadff9b3d89fb76ef87155112e3f1ca,52
0x7c1307835b063fd53ed9f4c061a21ecb60714037,52
0x7c16a280d19932ade9115220e78ffc089622dd19,52
0x7C4084C6B62cecEE0Ed4C3dAfA89017139718483,60
0x7c53a884b1b405b2245ae691b6982738ac68a51d,60
0x7c556D3a02658F8f0227c458c356b4241CDAc1dd,60
0x7C755D44F2332fA4fCfefD930BA57c2C3f37E2C9,52
0x7cadef15a914ce72caf85b5f43eb41a3a8fd820a,52
0x7cae116407f421cdfd15ed00e2a94d0bcee991c8,52
0x7cC2b527BE89Ea0dE748A55Be8352f9326A93928,60
0x7cC86732e560Ebc679434CA8402120EE8DcCeB26,60
0x7cde4dF6a5816959A203228C3814Be1e98c5f7b1,52
0x7d2a913cd96b69cf74a3f34b3e58483e3abceaa9,52
0x7d38b2893f743C87068ecf9d9189F965Ad324cC3,60
0x7d3909272cbbe3aeab3ecd71ebb1fe9a51ff4114,52
0x7d3a7c3d58cd808f6afb13046327f47ae842e003,60
0x7d53911a5545f392e9029ED23EFd786e8cf9e9f0,60
0x7d53911a5545f392e9029ed23efd786e8cf9e9f0,52
0x7dDf8C57CA12E23F56c86ef6b479921b8BFb69d5,52
0x7e0207d0c54cb91763d2d3bcc9a6cce349883409,52
0x7e05382a7463bffd77fd09b44ed261dd72d74aa1,52
0x7e18fbBdB5bAf8B0eF37960C269995c8ce522620,32
0x7e581f87553591a1b1ce5e46c9b8be9d06608167,60
0x7E60BF096a0427E638b65e510f7Bc0F93633Da3D,52
0x7e7a10beeBd6C7ca0C2007239Ed888D250ca6B24,60
0x7e81eb3206d770a19dde05d11275d8cad204d5a6,52
0x7eb135ac7c92ef2ea84c0ca5241f8c869f40d57a,52
0x7ec7ceee1fc3c4694c567613fb3f313994dcee76,52
0x7ef73b7fc5cc855e89c631faaa7dfece4fd1053a,52
0x7f2436d628137a1a4f07631b1e09e37455f4adae,52
0x7f7410d5C508ab99eCf1425deeC2e797f73cf749,52
0x7fba5e39957700b94fac7478216bccf106c4171d,52
0x8009a32f337cee24b136bdbd705f7c961941158d,52
0x803C661F077f1B960F081fA32ceDfC693d80651E,52
0x804298b584DcCE30700e9F6c98cc5833a3Ce051f,52
0x8046b4c45eb79b2c4d884260c5538383fd98d8e7,52
0x80871863Cfd633e126a1fDC9822958E1C1F0b627,32
0x80A39115Aad06A381c360C33798e320f2cB4Af69,60
0x80d92b201a70BD923C297b72ED4A0b59b731Ea76,60
0x81651b0d6cbe8e63c7950d5c0ae97bf88dede44a,52
0x81A99dA87361DC7D26b1f3abcBc467bd9F23Aa1b,52
0x81c7ce374c994717260827f5f735ce5f33654d18,52
0x81dd61b00484ef2d0ba10f839bb3137ef577fe8d,60
0x822789F3Ff90b3469B84c72DE60CD71033923d43,60
0x82315fcefa8a8669beb404e7c376104639412c02,52
0x8234850879caa7e22dd3c8431800932ca494dfa1,60
0x8261dd0c3d7D44a73bA417Bb0969d8943182B79f,52
0x82B44629D801Fe0D50B10B60746Cdb1260Bd06CC,60
0x831812bA467C5207512cDb2d599E90d3c13E4f60,52
0x83771aF665c0Bbd7Fb595F44517A4F43f9e168B1,60
0x837741c591c90b7ec02bba18e1f97551384364f1,52
0x837d01ab09536680c7c14b536a540510f8a12864,52
0x83ad168651abae68d5f74b3ff3592a80cd340734,52
0x83b3aa9908eff7ac64943250bab2577f9e37f998,60
0x83B5C14831800366032f4006a5aa7099A628642f,52
0x83cfFB20dAfe70E9719DB05D277f6Cc2A9dC518D,32
0x842b179bebf8052f9847e7718cd878f367bade82,52
0x84697Ec3a8b9b2eA1aAcA9DB9259495b77AF1d10,32
0x84861de6d8c5cae5d3de3efcda999c11e006d706,52
0x84a17ab0edabdef5038595556447ed79f2b203ac,52
0x84bEdA2a5B605CCBD2Ffa2cFb34B69E532cC430C,32
0x852663a31ea8a8df75df08810cdabb56a866e883,52
0x8541d376e9d7cde003018dee0e19c47f184547f6,52
0x854db5c41419a42967de4ec6a47c011b28b227eb,52
0x856dc4a12f08afa49f42b52f81769a96505f312c,52
0x858ddedfab00aca3cd90452ad9550f12aa0e91c4,52
0x859f74f4b4cd27c94ee298612ac203f81ee81dc5,52
0x85c4fe63770e97e68626de688397f064e0e9cf74,52
0x85D8935785d8379Aad7335BB99322D2A9BC6F2f1,52
0x86363353827B4A27e4760B40101d73bfeFdD3Bf9,60
0x868552c494de80cd89cd6afafe1ffca11204b95d,52
0x868cC386F9D6Dee7e5BEA60451dbb199388D911B,60
0x868cc386f9d6dee7e5bea60451dbb199388d911b,52
0x8692a0f021a9168dd7b8c100dbdd0ccfa444c298,52
0x86B1bC007a7B24aFBcc5bae2D469fd110FE7F2cE,52
0x86b6ebcc88708cb6458e301340eda0f46d418603,52
0x86b7fbf370b2b47b263ef9f5544472771fa64811,52
0x86ba9a85dc55a5d510fc71ad90831aaf9a69e888,52
0x86bb6c24e9f67034fb623be0c1048747d5aaaca3,52
0x86c9106c825a0c085ca2abfb7ead4cffecfc2788,32
0x870b5c44fa881fb1a74164ffbd38234c71cfde58,60
0x8728c811f93eb6ac47d375e6a62df552d62ed284,52
0x87587f542d22f3edccbef14f1916ecdc4336defa,52
0x8772BeE171c4E8DcbD1F0FF0B206a7BE88D82D69,60
0x878eD943eB99cBd71133b182A612f377B5973Ee3,60
0x880c892086092c267a24022fe713857d93dc25fb,60
0x88337c83d2af6dE8e60AB32DD8D923202b2f309b,32
0x88758961966E67bF4fDfdad2750447C00A864844,60
0x88809d593B703A37c8D5EE9A22bC4daa333c18DC,52
0x888e37e57bA07FC5c7EF3aBA5d20e055C55D59ed,60
0x88dc0503ed9751d0346ebd2984735f3e79ecb0e0,52
0x89225b951b360805c70a243f59f136e861531bc8,52
0x8953457E532dee8253E32046b4575C8d5E7f3b6c,60
0x8954d5f1df31407f763870c3599aba9280f98e54,52
0x897aaa30749e03fbf659872a01dd867cc4d401a4,52
0x89d49ad859cFabd3A4A65BAbdA0d2df5E9CF9cDb,52
0x89f2c593258a64bc1e47722046096b1d503b3d2b,52
0x89f982eefff6e6cd8e4f4dca6d290a6d6208c291,52
0x8a26c648846d7c59ee7638d977e04e3e5b21f2d2,52
0x8A42188018804E3d1540e80f5dfbAfCc13Cbe050,52
0x8a8AF22a45403d11b345D006C0eF853756C3F8f3,52
0x8aBc1114862d760b9196Cd25DbF09dD4AB114263,60
0x8b020236e39b5940bda3741c0ca553f20112607a,60
0x8b11cc9c85730fd5a9603c875d80b31385bff864,52
0x8b139211fd5f39c9f4943d0c2039957e8609e960,60
0x8b50e2e42bd43f1a86ea922ee0cb0fe1064ec33e,52
0x8b594b89e5597C58e771ff297a59f33459083AD1,60
0x8B62383F0fad5cCCDc28db01a11a32c7e4C2677C,32
0x8B67b8Fda4344517eF1C0Cc3c66eabF26D526609,60
0x8b8c6c14d5811B9E537446343712ec289CE24bDf,52
0x8ba10f45657d7f6e4ca3e089c43250a618a6dfdb,52
0x8Bc8030465Ce20A3A66FfFAa50E45b7315875601,60
0x8C3613527681cf6CD011D86ce4B28590c7Bb4A59,60
0x8c4DF40519e30dEae8cA9178Ca8db7A3FB0bB460,60
0x8c54c8486F253fBb4761D0A9A98E1D71ca2DA2Ac,60
0x8c6684b14017d30f28f3018ffd21de7c8efa5b26,52
0x8C90EA41e0f30b19DdaA37fb19F8a753A53c3273,60
0x8cc78346c0b3bb3f9c6f72b42701de4a97e1ee6b,52
0x8d160801B72cF3D28c465e521d3f67bE43E27615,52
0x8d2222a1ac234a8e9b98aebd2ad3e9d8b7de3e20,52
0x8d318ed188A328c8aC9A35B56b7892f42B916E26,60
0x8d404eaa95e632075a37d7906e3b861527586231,52
0x8d46e2147204fe1c91147aa24bc83780349008c5,52
0x8d8f4b960dfd847a8e9fa1819af3b016b591376f,52
0x8DCf411948C81fb973154F1CacA5215b86EEA327,60
0x8df1ddace4619fd1c2e4e7a55000338f794860ec,52
0x8E18D516257F9b3641BF09a352E08cEf67C4901f,60
0x8e221ac4e10aa4d8d916e0fb5f04a131f8c1bbbe,52
0x8e25cda79de06b4ec1f0713a75cec104621b8e72,52
0x8e27D8DAE8B202Ce43B4aEa5A4759a4AcCb6D29d,32
0x8e5d4e1af9f1d145251b9bc735cdba4c3df508e6,60
0x8e5e7acD2d8a7B15E081D890EEdAe847ddaA4bA6,60
0x8e6596b029f95e28f7db67fc58b62128540ac57a,52
0x8e70A521a00A7Cb058D1C7427a0Bb91b53773e89,52
0x8e92088d69c6176d3262e8e77ec9d67b2fe6f3b1,52
0x8e94cc64f82c485ab51f23835a6db517a3d61ee0,52
0x8EF44E240d117D2b57F31e77c9e367aa594150b8,60
0x8F1C2A34ea6393a5b09a4155E62260E123D15FAe,52
0x8f1d8725ec04584cc3ea76825577d5a4bdfb0443,52
0x8f22a92e8458a11418102f322e3802fb2c85dca1,52
0x8F2623817A95840f582c3A6D9B5950EE895b2c31,60
0x8f31786087f78695dce01c41c780f7be9e771591,52
0x8f83b42d497A2b48c2CF2b8B66f9763298946448,60
0x8faAd143f62E959c8F06b8dd13597aa2fA957ecD,60
0x8Fd6ECd0904f44b906f4C1C76de37ae70eddACBF,60
0x8FF14dE0e23A224bAb1691DB881d5990942742bE,52
0x90003d3b790342aefc52f037ebe6ce7c81bf9c1f,8
0x9016804b7725e9ea2b56a31320bb907eed9f1364,46
0x9033b241ebbfecaed501fad794afb57fdb27dc16,52
0x9036ff7f7b7cfa57c224cefab371e85cbb95301c,52
0x9065667056E4828Fa0deED5b64Af76c7f01F4075,32
0x9071ea83845ecff60b3f17fc5afca9a4b361e7f3,60
0x907df34a3f1a17a182fb562db1e868b3f1268657,52
0x90a2e4e64115fa7ed8469f5cb4dc238909a21027,52
0x90F1b4Ea05F71630a11c6787882F48E9c2b4b4C7,60
0x91188eeFae59179A573b902d7CcBb3C9b94Bb4a7,60
0x9123161DFC735A627E14F45A90E590B1eD5EA930,60
0x913f3E8D0824cA16E988197d2eaE8Af81254d960,60
0x9171711Cfb91f6f095298C02182cFc6BE4616e20,52
0x917c741DA61915e33f5aB7D1D994F5be6a73824E,32
0x9213e7288d661004156817ce1efb431de8643449,52
0x923AF307B7533Cba5D1fa371b2aA513A5c49De9D,60
0x9253a3d8FDC20cD139079c613Efc870489941e8d,52
0x9279b82cFaDe0ad4df6F65854cd33377447DD73A,60
0x929eb821012979b23c0042f3aa7cef1f110d7a6b,52
0x92b1f9a6562e50b1cf32dfd234d62c16591e10c1,52
0x92d955058fa3119822b849eee50e1d635ad837ec,52
0x92e172076CF455ac0A39CE99145123281291EE82,60
0x92EcCd0db5043bF8DF9fc88096265cc93c6179b5,52
0x931701f29ea0c019a23aab236a1843100f80c2b9,52
0x932476696377761cf45068e8b2eb71cceb292762,60
0x9328240c4a6af2d07c318f6510daa36bbd6ee9be,52
0x932ad9f66cf825e7ab97a8148cbf7e4744c01ba1,52
0x9351a10c7279979b51bdd4bc86878fef3f3d3eed,52
0x935DA14c031CA9B7F1BAa49E3C13aA96dF57FbA8,52
0x9387fdd19f66865d5265b41cf3db95db243e8888,52
0x93a64ffa9c42e3b460ae3373f5d897d202486c80,52
0x93cb1193f316f218eb2daf0c7b958913da39b699,60
0x93dA5F00b5710312fEab996EffBa6C2A9D70E67F,60
0x9405f38f049f9b711b1607550b263498e65b0eff,52
0x941d32d5254829eA59BBc507155E79591d5cF097,60
0x9423c6f87dc51534734cb5daf7ae9d67ac5153c3,52
0x943c432ced418af632a903be2bc938d8d781353f,52
0x94a18957c909f31d3338064aabf9be4d999fc9c7,52
0x9500685e51b85c9d98a345e2c424ecbc450e1860,52
0x9517a4f061696432e77606c11ddb374a22e3406e,52
0x9517Efdc3F0F19b8542Da36a06F8432ea9BFA79d,52
0x95B08C07FFe3Dd5463016cbc6c96aD70B8409cA2,32
0x95f5d04cac4e83ed4f78331b5061e88fa1ef525c,52
0x960f55932f9260b7412bebfaa127e1513fe9ca11,52
0x962f023d067e87f8407ad25893ef05ab184f2abf,52
0x964FBf0A3d2975862571dA90a95F842A2cBdEB9b,52
0x968ebbccd45067e394d00aba0a00afa7e22e35fd,60
0x96AF16d8b4C3288612FB77c5f78b473ED93777d1,52
0x96b3eed79e76a1a455644462bcc788cc831f6397,52
0x96c7fA4572012D36e4d435256f6C8fFe7F400FC1,60
0x96fD87D68eC259035604230D0c4dFE9a3d66066A,60
0x971fc95d523d86e4fc9734eb78bcbbf234164dc4,52
0x9730005ccc22185edf2840102acfa63837b0663b,60
0x97523c316AA6D93866181B359Ba225572eb03081,52
0x97af2df2dacaa42ca6b98ae9538877ddecffb39b,52
0x97D957c34D40941097a74533077A653e2F434011,60
0x980e2bf8368b26e070d12438c3ce9ab8cac60c65,52
0x9818d859d21E207B5f85B70096E909835b2bFf2f,32
0x981b68d6e2d0b35a6ec29ac51426956dcfdf0883,52
0x983d8369db796f5fd50329faacdb554381813410,60
0x986E03a42d181da92fF18EFbfab0D5D092F18E51,60
0x987159caf1c90b0fa3e8becacfc32ad6ba183301,52
0x98b8da57cb147dd53d407048c2d5e0de7ea3c1d3,52
0x98DF8A79cFa2B620D1EDEa8551C92b06e25eE99E,60
0x9944ee5018456caa533eee5c3aaf7a4fbf4a8730,52
0x996340c05889bf55cadb6294d0aef48344b064d3,52
0x999dD4e1e4cC6Ce9E95Cc1511cF35BBa92b5bd9d,60
0x999fab85eab1186e843941f1871f8614a09546ef,60
0x99CA7BFCb966c0d03916b4780560e71958dAa4Bf,32
0x99d70418804D999E4360D24C23D51323162FE2af,60
0x99ebeb42714874a2f57b2bb9d90bc762b625a68e,52
0x99f83ec57fe1e09da9a20efc00156b71826e11c6,52
0x9a09f5caca82b67edd330cdd8d50b218a82cfac3,52
0x9A61556137967CC27CEda164Dd6acE8b69fFab2D,52
0x9a86ddb193150a95de8082c20ad51022eb6e24ec,52
0x9aa9ffec51616ccd4da1cc68e5ef18059db43a50,52
0x9aF66e11e176696360a07E35AA3a347C15638568,52
0x9b01824d4F2c290A9ddd7E8988FB3dA89fc26fe2,60
0x9b2390e3498ec5c7f5c538a4c2f410bb90d772ed,60
0x9b30acc68b1ed60ed1e1d6a21abd33c97bb9599c,52
0x9B4bbE164C14d9C2B51c38F229E02Bf849884354,32
0x9b8ee880f9eec243a5937906dc005211f298be6a,52
0x9b98261e09a63241bd22defb9e0620b023f61769,52
0x9bbe50f8aa6ac53d61fe07a58428c10d8b305eb1,52
0x9bdf7aedea62791603e3dd52c8a0cca272680b68,52
0x9bE152260821654f61311865856b1Db478D1589c,60
0x9c0c3a8c5029113Cf42060083cE729C35bB9ec98,60
0x9c0f7fa14bF0496e6b294e830Ca1Bd396be0A8e0,60
0x9c476464f7456d290a79c952c22c436085821946,52
0x9c69127D361e5DB4f885207BA2aD0De4Bc88CA27,60
0x9c881e4d3159e6888382fb429a42c1004002deb1,60
0x9C8bf80fEC3a92525416CD2B6Ed9b0Bf6D467283,60
0x9c8e5b363591e89a2d592f767c3295ad67cfcde0,52
0x9d12e6Fc7b29ad8Ee05dc50574E1203C0F694Edc,52
0x9d203cc2f635105fa01469192378247e6e0d8d1d,52
0x9d427CAe3C31B40f439Ab570E23cB574046Eb6D3,52
0x9d8b852fcd0cfe5534ccfb19775915bd3df453f9,52
0x9d9e6DEC0DF44ada064E1Ec90F3EC1cE4621cc92,60
0x9dc29e8be0ea58eb94d2924f02c366dbd18c2578,52
0x9dc4446393979afb942dB71e94030C4c79799f41,32
0x9dd458ded7149d14a904622fcf1754472a8a31e5,52
0x9dde66ffea9695a3ca38db8b530327f1beb377db,52
0x9de651c3918c148ec1e0a4302bb94229c512d3f0,52
0x9e130bfd47ba5f1c09eed1de68137411623ddf2a,52
0x9E38748A7e5850aF904f89601a8Dce15e2643E5a,60
0x9E52DC74B666a7a24011c655035395875B4f4faB,60
0x9e5828c21e3070080919f529cda674814a187c5c,60
0x9Ea095d176b0A4c2adDF641796BC3a18313ce59f,52
0x9ec87307a37078c5c40f0b47ba4a9b64beecd1f8,52
0x9f4CB4b17a8Cf814e5Cd29c770EFAf1C471810eD,60
0x9F8813E3B310367bf68d83853A93447507232A5F,32
0x9F997A661E42c428d4b67b5a152fDb4Ad6638864,52
0x9fc7db618eba6199703b9a605dd216959954a4ee,60
0x9ffac7d136f437cc34c5003f0274827794e33aa8,60
0xa01756ba2760ecBF85b3a82Dfd251C46E611CEC9,32
0xa03e7f75545c18bd1f1e661cc86b233607b560da,52
0xa061a1bf5d34c0c4e62be276c13643ef1b45d0e4,60
0xa06B17CA7d7074F4AB22598717a26c43d4297244,60
0xa07785483074AA0a5052d7149A2bf4358419c9bc,52
0xa09871c33aA214A87E1b894DEff26026FC7dDfAb,60
0xa09a237069dfebf16a58aff085b35ebc6b1b9e5f,52
0xa0ac26c8176059692576fcad46d5d3ad211f4709,52
0xA12e72744df4c4932529c8A4E155FF9eC813cf28,52
0xa16511a6a4ac7b3809f15fe7c386bff9367f9ca8,40
0xA187030CB43daAE7fE020Eb7e3279f9E8e66945e,32
0xa187497c509a56cc1f5226a5895a6f59bc5a8205,52
0xa18F5eC9603281c1495AC5C6feE24f2923acF4b1,60
0xa192410A8CcB2417532cA40509D8E9De1e9f5AD9,52
0xA1930b1F5dDb3e505296059865073881E3635E53,60
0xA199Ce706e6B55D61ae51e8f1B896c7a7B5C27ce,60
0xA1b37903358A60f3B7EC54975b65bfb1f6865c68,60
0xa1b5af8eccc097fac2a68f878754aa8202092bab,52
0xa1bb0b7f69f1ae2f8e9ef958303d254f344ff516,52
0xA23e1Aaf8740a2A0759e3253E8F4EE077D4b6ff9,52
0xa2430266294A3C6863Feb1C704669ab0324E6A79,60
0xA2591fA4F0617b02BD1cD332De17D6Db3E2C4c94,32
0xa287b2faa485973110463f4e8ee9b0b6f20975e7,52
0xa2a535a091eb274b8aaa60eda3fca1f78c0f142b,52
0xa2a7c90ef757c15d6a074ff869b3e231432ca3a7,46
0xa2c460b40a3614e160df274a6352cb867b930ebd,52
0xa2fa652b0935bcad36ef347d0f7c46276ba3934e,52
0xa2fbcefa58d2fa7a96838eef4e8b76c4a6afe73c,52
0xa3141ccb226e557bb50baa1fa61e8f98b6f93934,60
0xa31a0fe2a824e6ef3d12c7291ba4d624fc83dbbb,52
0xA3AE0DFDdB4Edc90BF19CeF5DFA703bF374730a5,52
0xa3cDa43D7df6376c2536235AaD0299D908CA326D,60
0xa3f2f49784aabed7002f7c4df44e4703c043e5a1,60
0xa40D51A25E667294484857841741Df16F3cfF898,60
0xa4235ff0cc313b087b19b4ecd1770fa16591cb7c,60
0xa491600e2dfeb1fc199f556d92fac5bf0e780bbb,52
0xa4bce5e6872502c7cab9e0f79c790115f6c337f3,52
0xA4Dcec3B25DdB02169AcA994D010dBbC72549873,32
0xa4e28180d3aede47c22a04b56bd09970bb19d7c7,52
0xa56454700365ba4368824068e7f3e3efd3a0536f,52
0xa5743dffba79ddd44d0bcb37f0b0d3a9b1bed21a,52
0xA57EE281f134568011A7Be6E42af975A78b69219,60
0xa5910df0ea874ae66ededef0dc2bf2dd0aac3304,52
0xa5c313955651595a2ec2da81bc7f73774c20c21d,52
0xA5DBcbd653ea73eD78A62676e7A80EfE965F7A52,60
0xa5dd97d1eb548e6b5819f30449e57f2ef3b34409,52
0xa5e61b00d088028a5da55eee0a948a700850124c,52
0xa5e693e7b3261fd0aa6bb55aad01444384903161,40
0xa5e8a75fced4edb3a4ce657986e371e2d0a40c7e,52
0xA5fE185f89F28b10C2554EF9B738Ea74aBfb3F1d,60
0xa617B49941EA54A6c41087f9d91b172651BE1396,52
0xa63655839351adCD5F5c9c7586070cE208F4F7f7,60
0xA637C9D403Adc52c66DDf01fA1595B71a3CeE264,60
0xa6479e1a41d9361be15ccdf3b6f10ea11b536900,52
0xa64c7fdd4aa907deb5500520a570908657cf7f9c,52
0xA6984fBE44f4ec3E1F43512Ee37BB1F5cB617C05,60
0xa6Adea7bEB214a924Fb2Eb426039290F041631e7,60
0xA6DB37DFC418b0f3aA6aD9b1700f7Cf88e91bDaa,52
0xA6fc3D7EB5f85B26A11546e86698DE127b42A248,60
0xA73708155b9B18cc7b6498300D8071C4D656EB73,60
0xa76050092965b71a4bdc858b7fb56fa0692399d8,52
0xa7837337F5CE28288e613694B7B698557B5C83fa,60
0xa783F6B489049027Fc82b8Dc5085A8c9E72b95E0,60
0xa796F626847a1ef3E0e2a0d1b67526551b97cE44,60
0xa79e0a865488588c6c85bae37f4c854479fd7bce,52
0xa7acc9a082b73f94a010a80912e1df91c592838b,52
0xa7b3394dae24d225c0147e0fa50a2d9b38d1409b,52
0xA7E95e92695E16925D0bc737B0FE920Af2A8A6D6,60
0xa7f1b57adf829fd6c3d8220f5bdfb03965b2961f,52
0xa82c7fc41b556162de41cdc3b27953eba90c5459,52
0xa83f8cD2E2c853A9866C63175266C44869556375,60
0xa905a4c3852c378594559506e0f26f168320f000,60
0xA96926391EE87fA4297C83d7c9Fa78fEfb7Ef7E9,32
0xA96A0ADDD4edDB9cFCD29ec19a719fBBEbd77b8d,60
0xa96D91E851971685122E20BBd0d7858c449ac992,60
0xa9B9ddC0b570662560B6d24d6bc199FE39873708,52
0xaa13838ed16c2e7fb3e78b48a4122b03bd947561,52
0xaA196b752dc7feFC67500E89e84664A469eA41bD,60
0xaA239cC19B9a3132335C56283A72B383c76587C0,60
0xaa512f5ab7278f9d0036c1d559a90ee33460a3b1,52
0xAaDBFF88f37af099510A0dBE8fF810A854D643f4,60
0xab0b083b9dc1ca590ee4c57ab2fc38f51a8da00b,60
0xaB11E314E09982D52cB038B907942B8e964860FA,52
0xAB44D9443738e4f40c0aB24f469525081dd709e1,60
0xab4e465533489a8dd4453990c4711df3380c14cc,60
0xaba7dad539b72c117cba54f61b63245ad7086e1f,60
0xaba7f4b678275463a4329612f8424d0530bd51a5,52
0xAbc776bF76d18B6B433d5056178E0DD12208165D,60
0xabed5ae10ebe2d1c179cfb2bcd5621426db47f76,60
0xaC5de902EDD0A25aD2113C77AABbF7dC57e23C2f,60
0xac645363f1777a5015edd14034f963f95a217703,52
0xAc6BddEef4b834d834142ABa07F80568069e1DD3,60
0xac7605770e89ef96f68a081815b2fb8d59532896,60
0xacb4B3e4e1d92d3D955D7e018e8bD760B1059dD6,60
0xacDE05c870A86B9EBC24c9FacF6b11D7b175A86f,52
0xAD22e8084607D494356261aB01412dEf2E984Db6,60
0xad7e9ef8f6bb2a5a2819c6864254491f4ba8d0db,52
0xae5575a4ef9b6fa68d2dac20b6842bf2ce737ef5,52
0xae705e88105ea70637cc514e929e4ed8e84d0d92,52
0xae79a8390214c83ce72a41c2c6698c6883aeb40d,60
0xae84b8acb97dac8fff8649f4a8a443c1987dc7f1,52
0xae8f55a57a076ce26478bb85ebc6ee1fc8aa3c00,52
0xaea3e94d1e705565d7e308d10ed2646c43c0c43e,52
0xAEb5c10D86DA928E7A9C9A2c8292a3BABC58559A,60
0xaed49cf12ce2dc80b243695e9af240018c045846,60
0xaedb1dcbd4cef1ff989ecb020a2910778b4ea196,52
0xaf11b3b0ea9c697e92abda3d89d5c942fd4e335f,52
0xaf124b08ebdb366c004361f310bf4cc8ac012db6,52
0xaf293fdae7b8d197ff158ec800372b918eee0687,52
0xaf36242ca51981a7767dab56dd5c2c9e9b889d8c,52
0xaf4fbdcd730fc9ec4a94c4e184be87f4a80e1ad5,52
0xaF85EC05259327D8b04865049FC6DD69F1b5B5bE,60
0xafb1bb079496defddfa1da3618971ea9dc2dc4c2,52
0xafb9d7fa614dd77cd9d212bb0596982c850a5085,60
0xb0121356f3455675f5d804671257bc300b6c6f8d,52
0xb030e5eed779843c0e31534e5468753452def32e,52
0xb05d2e264edb20bd30391e91ae82043149509431,60
0xb06a449102961c1af28c0453dd88986c698c0ac2,52
0xB07F2BCDFA51859E0CAfdB89a8c26948BAe0e163,60
0xb081556fbe0c9b17893451eaf0257f5189508113,52
0xb0DA96288c886Ee8a90907DA4531DF872E910677,32
0xb1484c953588ede2cbb506a1c7bf9b69ca41e91a,34
0xb164a9c91ac31aa1d8af1fe442b70f3ac220af15,52
0xb1687045b9614f3a9c431ff5f6e84e15a592bf67,52
0xb197bcfd992ed6c07effe2ad662d63706bf10762,52
0xB198Ed3899bc5bf550Fed154bC9274E5022e381b,52
0xb19BED1D3a9E715Ac28E1173033bcEd62C77E5B0,60
0xb1a415e5667d6491a9ec013539794456843797d4,52
0xb1d79fbe1557189fb9b5e0b170155a437527d24f,60
0xb1e6cf9f87a0cdc408e83d81602da27f0dcb6636,60
0xb22f68737d3f7cea7c734dfb42d60a92765ded5b,52
0xb24eD51180bE1B66bF89e12949157beB5875e794,32
0xb2bf0d9279a699bd50409e18c58fb5dfda3a62ee,52
0xb2bf66fa73d8897d888cdd3f512e325eba41469a,52
0xB2CfF995aD3Aba76f6d6E9CCAee33Df778ac205f,60
0xb2D6467D39623AaA5808CE8f7FADb71D80aD3bC1,60
0xb2f456886367c8e50566377ec6d9293d4da5bb81,52
0xb31701def7401e79b807b1dc994e5a7b0d429b7b,46
0xB3193DA0579241d2C03A2213D256b71eEbe36e4c,32
0xB33F7CC378c9a8B45F9b1251006DDa57e8B2Cf4D,52
0xb355df7a527f215f51af23396c69094955840e2c,52
0xb39bd26d618d54f26f4ab47c64bf0774cab488f3,60
0xb4199cf78cfbf4b2a67ec9e9e604f52a0e1e61eb,52
0xb46473f3eb73d160d42D29C42dF4235f8EB4c3Da,60
0xb467ffb18244536b10ccfa0ed1bd261323a063ff,52
0xb4df35000e0063b5aac1d90406bbbd7eb71f0eaa,52
0xb4E02aFea981b5e7Ed76042bF06A57ad3CCAFB71,60
0xb5129DAF09366A16f8cAC31F75eD02540bc1EFC3,32
0xb52c32e4E73b896eCAB40d7ce3B9DcCCd1A1416C,26
0xb5436d493f5ca79b11d13725502edbf014b4f27b,46
0xB55B258Ad12b61AdE75E91Ca7Bc9aB7E44bEaAc5,32
0xb5767c5C3a24dC6543ab55A45E7636F5C91109F0,52
0xB585ffC7E5e75a7Ee84de1014B4C45aA930A46e7,60
0xb5868F4D1bD6C6b87cB4c29b0153A6E1C5441871,60
0xb5a44de74e3f61c61641abfe5b0daf221417e109,46
0xb5b2d7c0f1c9f4a9c0e095a6ddfe598e0f1cf7d8,52
0xb61c55d53df199a5761625af1fad957bc8917256,52
0xb62314d524bB70ed5A237dCcbD535718B002CE71,60
0xb64e803cb9c5f76c170ce7fe7c7034b06c37cece,52
0xb655aa464784a38aa89f4cfcbbba4bcd45188297,60
0xb66604f5b9c158e41b266f44959aad2890bc9f15,52
0xb683E6f6b9Af875E2703E204e89Cd443eacEf9F8,52
0xb69429C9Be48D056a99D03f0ba28453Ca9fe795c,60
0xb6a28a15ff8f20c31d5e13eff2455e8f914acd5b,52
0xb6a9ef3df937394316534355c5a5c8cd076c9df7,52
0xb6aE616410D6975392818C60f4738da025441dA2,52
0xB6d106e4bBEC6Db2337D48d3958e65C459a0E9a5,52
0xb6d6258bcffac8047034d9ce6b6c8d25deea889b,52
0xb72596d29dc2c318d7490165e3436d5cc834b83f,60
0xb79DE68c7903750cfA00b4C4BbACA866bfF25379,60
0xb7b0b6Da3e3de25f8316c6B33a28A82941744D7e,52
0xB7dCa83bc002A6B5F9061dDE7D98ec60b8516252,60
0xb7f4b73b2136ce422379b2DFD042378Cbbd031E4,60
0xb82890e16A5660d15E18f4942292E269782c4750,60
0xb82890e16A5660d15E18f4942292E269782c4750,60
0xb82890e16a5660d15e18f4942292e269782c4750,52
0xB83eaEa12264f2e7F4eE73b766F0b3f7751d580D,60
0xb8481f328ae0547089585510902ae585c79f7d24,52
0xB84E4585A96733b696947645aCa2d4F785f67841,52
0xb85C2B69dfE12EA9A4769D2aF361a336f020e3b8,60
0xb86c58e889d785d967A0910B9A64A68A1dE81B31,60
0xB88A80DC588344dFeaA26FfCCc14574b40aEe1b5,60
0xB89C405BB1e874A7C6170043bb76661C2955032f,32
0xb8cba3127b416b8a217502185c2b71a2487a38f3,52
0xb8d6899112BaFD50783cD48D04b81b58Fb0eB424,60
0xb9159081A18668EdDdfE492694E15b3941255cA7,60
0xb91cB534792E97cF47a63A62706F7c610cdCD0c0,60
0xb9305d2f2c7326c6b97b2d7b0906dd6967e49484,52
0xb95dC992ac94042723a98B1dbeAAeb491F766360,32
0xb991094c86d5662589da3ddaaea1270bb728cc54,52
0xb9b674f4f04e50b05d9053d7c637cee86414d90e,36
0xB9bA064e31ED5c325A1df4C19aAAD9E29A410b56,60
0xb9d0bae489807c2df0c9cd2950632d1013dcd431,52
0xb9d14b65ecfd0b1fae42db745cc407bbb3e37993,52
0xb9e84e2c8f24596e37b164996bbbf928a4c6c608,52
0xba0f8a940039ea1390a4bcbdee2beea0de01c75e,52
0xBA10b6B804622a8eD3Ed4cfc406142FD95C47738,52
0xbA54Ab8A404132bCdf8Aca0D534c0645f8C06b60,60
0xbab1fbbf8972e1d27368d51c81593bc67f9b2bfe,52
0xbaC3b6dE6dDa952513b7dDb5Dd329523aA78Bf41,60
0xbad3e2be2246033835b475ecd1691cc5f3a29e7b,52
0xbAFff97D01104BEB9BaF1afCE7f5B4C463e97197,52
0xbB046742DDaB66DdD8b7DDC393672A27Cf84ce58,52
0xbb4c4e583f8556763e52d2f19867cb8c020c325e,52
0xbb98ea9216dfa77cd9feaa1c3cd14da77244db0f,52
0xbBAbb4ee4eABc2797661c8a4Aa95a89ab0817029,60
0xbbDE2CC49E6934656c4B00ac5833fEdd5C565CA2,60
0xbbEf8566A6319937A42EbAE967766AF58c853964,60
0xbBF02df63fd35C1519A4b1704834c5B1e4a3275e,60
0xbbf02df63fd35c1519a4b1704834c5b1e4a3275e,52
0xbc03244532257cfb711c7a2a49791db672d1706b,52
0xbc3afbb37c21774dfe5d6d05e17092c46bae417f,52
0xbc51cf2e194bb10123f8fe2e6d183dcd6a45a7e1,52
0xBC68992a7C4889DF07F2f0E03063F99A14b4BB12,52
0xbc6a0fa4Dc5cC001C824aD9e59858A1143091889,60
0xBC77b9B4593b7f97314d01901cBF445d0c53f5A3,52
0xbcaa1b2e7b17106812b43e728bf9d4e004c4fa41,52
0xbCAD7b687C4b57bB8BAc93B16130fB8f4494d8B6,60
0xbcc2689ce8a8abb5724cf1852b7ecd5c76cf806c,52
0xbcd171abf27dbfa3f6e5ae5bdb30d5de1209ac3b,52
0xBd05B4A2E5Ad0cCd895D766AcD9869f110DdF8C1,52
0xbd35ef6c73a03b50b39f0d88de3d9955b7044f88,52
0xbd379f4a1f4bf44898daadcfed45991995be1fca,52
0xBD54C52b61C5A4e3f5F99766aeBF941346dA615C,32
0xbd8fb9cf63b07a6f38ebd038b0d517d0f970beb6,60
0xbD9Da86A98Ea1D6702B7B140eDd70B43A1EdD844,60
0xbdc3b9e80f603e92470631cd58d7a95ff2db3726,52
0xBDC67313e44a33E3348378DF9b390513cCCD0766,52
0xbdfb99e584d1298741270c69020f63fb32d241ae,52
0xbE18F095f071F649B975302FA8FB8Bd6E13D2473,60
0xbE323B77A4dc87Aa8efFc005d225a16B58d820eC,60
0xbee6595e3d07c31602d972946d14f88d7687c111,52
0xbf197ed412dc301867f3c6c82e80024348d0d67e,52
0xbf277a67adc411b86553410b5ae0dc5df1027f01,52
0xBF7C8D1D7b9C6e1072b25E2c434283b9647C2e02,60
0xbFCc046C72F9CBeFBC7194B0e02bEC8927E923a8,60
0xBfD426B7149330d48B19610EA46c8a7c99981bc1,60
0xbffd1dfe827053f9f0ca197c237ed7e4264e5a12,52
0xc0119Cdd68626AB217EE02e21670012515251a30,52
0xc0525194685f5711d7ea1aa56431c0a72fc42963,60
0xc0553a677edcfea471ef01c9664dc5865a469883,52
0xC08e6074a75a4dC5Ae020810f334F897d037c4Fe,60
0xc0c2429b8008b35ded73b53aca235c1d5591c412,52
0xc0c2e1a4ff961ad542c39a0e278afe97b2688cd9,60
0xc0dE8794c576eFE02cF566149426BFAd8eEE969b,32
0xc0f5bae77bd4d40e160a4d6232dccb2bb0ee52b1,52
0xc1166d060f85112b61b2894bfdfa40fa218f80f1,52
0xC13Be29Ab7A37310a94ad13F123EeB083B44816F,60
0xC1Af78941b0Ff6BB745A87d4472A3BF205D80de4,32
0xc1f2c098c81a1f9ab19df1b7845f130852f344ab,52
0xc1ff85c123290878d8fa84bfd123b3c81909fe22,52
0xc2332295cfbcd03531a77b00a019f39335ab8d43,52
0xc238a043fb330ed02b8aaa41b88e449c6187d6f3,52
0xc248e6ffefc3ff9fc5ae2c7256008a147fcb4ee1,52
0xc25122ae009700F7573A504F3a06263529585A62,32
0xc2645E3FAaf9D753Db1B58CA84eD9b735f1cD679,32
0xc2a622b764878faf9ab9078ad31303b24fd4b707,52
0xC2C142E0D4b81d1bD451Ab1d7B1260fdfFF8F6b0,60
0xC2D6BBE2fb8De2A2D77986ce5E6Bc0b0D5730F1C,60
0xc307e58c6ab30b5683fa7919498cdbf96564c949,60
0xc35e82f13724c7889b821e070ee126a430b04217,52
0xc3665A724E3D731b4845ab140EbA2a1F09777cd7,60
0xC37EBa6323FC5ED3E94eFbc4E17e085aD6ac3a93,60
0xc3a6f32c13d1400ff5cdc5bffd07a29268b7ba3b,60
0xC3A80CADa3F434b8d169885AA2598D33E15b75F1,32
0xc3bf3d0cd0f8861afb9a390753812964f5ef77d5,52
0xC46b8BaDfc507903497fe42742Fd10e062255912,52
0xc46e893bf74a00d3ebfc166814726d4111f96d8e,52
0xc480caeab0245f3996767c9bc8fe426654fb6f23,40
0xc48B335c21fdfA81F884D59a116B08ebc71ff0E4,60
0xC4a4961C2B05757dB674f1d75c037B51DC30f417,60
0xC4D5325B119ae16Dadab70c432C1cd68E178377E,60
0xc51888d9351c7e4b0931aadc9fe216f4d25d5bb3,52
0xc54c048668b10cc8b2c6e318a16b69ad0050daab,52
0xc5B210906075B5dDD9215D2514F92bbf78d5203D,60
0xc5c038b3339f8c38d6842d99f74eb839bb0524c5,52
0xc5cb33b4203f9972030e36dba97b480253dc7993,32
0xc5fb618477f101a1eb125b696462dcc36a10ac2e,52
0xc63625671f86833d459de2d5524b18fed95ba5d1,60
0xc63e3a3b5b7d069198d651a3d3d0b68d081ad452,52
0xc64dC40423c54b0438E60a5267F1aa49c85f10Ef,52
0xc65394747cccfc5e5ded39da191bc1c3f9fdb3a2,52
0xc67f9e9e3b99e6baa404a9115ceeef1155510c63,40
0xc6859ac2B5d607197632C5EfAD074d33Aff3fb47,60
0xc6a45502408c9387442a2c7311fadb9fcfe3894c,52
0xc6e45b7bb3599db8fbb779520915043764f58549,52
0xc6f0b4cBCB5feeb880f2EB0E67c5c7C385150955,60
0xC75FBf1d285ca959Df3a86654f42cb8697449147,52
0xc76591771626b2ab60ebfe1e1666c3f0944205df,52
0xc790a5910ef7814c68b259863476d4058bc7738f,52
0xC7D46Aca506554CfdB29f79A3Bb44dA237a166Ef,52
0xC7E81E6f717a4F262bF603f5Dc0ce8A41A941656,60
0xC800b05157632224bdcdBAD6A79365325CFa45C0,52
0xc85d00b97077fafe2dfab270d78955a680c6c04b,52
0xc85fcc44005a1d24142c6b347a0256b5e9306c10,52
0xc88a4a7344650618e411234a5083b3c0245232e0,52
0xC89FAc5977105b6C9018EAE1019AcF6671f27A8D,60
0xc8d4dbc16f49e973a06dfcc369c6fe1dd515c36a,52
0xC8EC4A8E98F11DF63ab95E7fd950218582550057,60
0xc90574709bd81c987dd9e4c8a282bbb49408d270,60
0xc988f712631b4591d4c7c20a84e8a479318480aa,52
0xc996183f8e0058df91c825b783feed60b6a33447,52
0xC99AC373C4A7DF0C087d287FE36738d719B9008B,32
0xC9D0c044Fb41C0f5cf1281e7493DDBC07D42Be98,60
0xc9eeE649e73e40935C95d9ea23c2558727D7031c,60
0xc9f1f7e205406346692aa6dd9294fec9cf6efd2c,60
0xca05d46f6f7174ce405e0201022354240487b2a2,52
0xca0970fb71d14672c63bd589065498810b2d18e3,52
0xca0baab494b9e68591588214c7bdfa26a032662d,52
0xCa221791010f09f1b961b69271C1474254923f7a,60
0xcA22920262c2fA464f7D1BCdb918C729D0090D26,60
0xcafd5319ba356f1effdfd09dd8996d6d0c169d72,52
0xcb694d05ee4b39d327ab1f5418aa9e0e66323906,52
0xcb6eb8987803bd64d2290afc1c70eba020210ab5,60
0xCb85750fd8f664fF2Abf754D3C387000298d853d,52
0xcb875685d684eB16409320C1C9921b6306a81dCb,60
0xcb8cb6f0f4162a19e9b8f1a65fe6724678e5290a,52
0xcb9D6a37d742CE8D27d3C4d2c613390B2143Ad19,60
0xCBC038AE3bdADF3F64C40f18fE3beA055e93ed89,60
0xcc0C08Cf1578a0e817C01092d1c350675B50D55b,52
0xcc1E83bECb4453500273eBAbe3f674f7e437E5c7,32
0xcc3d166CA2Fa6f67166F7b0600D73D25E983f6f7,60
0xcc3d7f9fe6946979215a901bba385a88fdabbbf4,52
0xcc4e02771fe74d271ffe672b2ea67a8e4b8e41c4,52
0xcc58fa24896d79b47112fda01db6ced365cfe46a,52
0xcc640ff333849f40c3b7c3a4caddb81391dfb308,60
0xcc988B43272cB87C1d1B78E82cC9321CCA1534d9,60
0xCcC54BeA0c28330dF8D9B783f0939606CA24F51E,60
0xcCcD32B0716647D5d2B981d80136E3f8619B6320,52
0xCce4e50Af7c0a94a4D3f728FD5592B2975435A30,32
0xcceb410cb5fd2d121ca3b7b764481a9579fe6d0c,52
0xcced89ab64478f2034a66ad9563551c6192cc9c6,52
0xcCf1183Bb925De1b65F07f93A6eC7137341146D3,32
0xcCfa5B6ed38e4648C5E43119A5cf2d29c4BaE295,52
0xcd124c38e292613c0f51e5d3773eac69adfb4ff3,52
0xCd421F1d33B5b5345c6CaEE57c84024F1eAf3D6E,32
0xcd4277d47d95eb351dd23bc784fefc070d1c8ebb,52
0xcd56487467f1D23EA6E0eAF3cb6c9E5C2A7B04E4,60
0xcd650be498C3Ca384CC58908Cd2c996961942Bd4,52
0xCd8C48fC444bB095462d000bE6101765633b61e6,60
0xcDc9e54E7Efd1c978A16f0664503fab901468aFC,60
0xcDCBE1F8C269f3509B387D8552a9751Ce705a742,60
0xcddc397ccb28995b1b6b2efde2ce81098c86132a,52
0xcDe961108466D693bDAe0a442532Db51d6E3C7B2,60
0xcdf733f8e04b7aa020daf5e8055a132ea9d249d7,52
0xce65305abc650363a22ccf81ae3cd26a95975a32,52
0xCeA1A604255810Bed9F98C8D1440b9505bcdF2EF,60
0xCeB5FAc6780B19f07058f4a741bF8fAb43DE0eD7,52
0xcedcbd8006787bb696409cf7b8ac47a41f467333,52
0xCF3D86b3a0Da04324cc7780F454F94FfcCCaB38A,32
0xcf600f82886064548d398b6bd41a117c889d59f1,52
0xcF69Bb278d271254C495C39a9E44c6782a8995C5,60
0xcF82BC5c1Bf162d229EcfBBEc04f9c7a1CDeEe1C,32
0xCfb01CEB4f02e3c73a1edf740D33E4487ee516e6,52
0xcfd2e2792ab4e4f609743fbf245c853f8b0e218b,34
0xCfd91A73bA76c9BCAF43f6ad3bE5690b459F6C96,60
0xcfe99e4daddcf2c3d0666e7b23ffa0766b1a4c84,52
0xd0027c99bd51131b587d9Df769522B46098F94b6,60
0xd003a4440eb456fab4af0ae76a031f199684d9f3,60
0xd04022ef2136defea7cb96926633e5ee72969ddb,60
0xd046bf1804425aa6caab05223ca8cbb0d0f852ad,60
0xd06cd7b40a59CcE575535961339873d8AbC30CaE,32
0xd07F7cE64b86927C5b7Aa660cF265c1070050338,60
0xD0823Ea10244855Ab6B2354c7D1Aa533fd00DA06,32
0xd0a0f5ec3f6a68dfb02fe0b9c9f4209c194d74de,52
0xd0A366fbb3301cB457150f728332E7B027d9909F,52
0xd0ad60a823589f141161e21f44972773f102b79b,52
0xd0bd4268e11bcd0ada6c527e0f42180609a5bfbc,52
0xd0C5e6606b325a9327d0860bcb01164491FDEdBB,60
0xD0D371Ac910c0E7d9F920Cdc16cbBDbA2c2Fa3Ba,52
0xd0da87deb5d8c47b0d3006baf2eb717f3c1ba274,52
0xd12938b41ffcff0e35336ed299e929359bdf6830,60
0xd166f7e18b2eea1ab7b03df5d38d9753cb22d1d3,52
0xd1884745Bb7E5B3f08961e4c5cB92536bA2CB599,52
0xd18d03f9efa8f747b7bbb9202066b753012db5af,52
0xd1E8232DE20d3914AD061E7d1F450569529A6014,32
0xd2083d1f7747841583A424A2CFf4a897B4F71B30,60
0xd20e7dc2fc3b3222ddfa3177e7d33f974a2bb18a,60
0xD21Be2A457325f5E571E40dB69E2E0A66BA79eF9,32
0xd2560593cf1d6c7642b4492f33810455e59e4803,52
0xd25d5e97a55bf6100be0ab296d23a0e12fe7185b,52
0xd26a0a35321c6793e47eb602f1676c915caf111c,52
0xd2a6382f8ba94566ffe103d0ff019c1be7ddf27d,52
0xD2a9d7b8776Ca7f45d1522934BE50d4856f3f7FD,60
0xD2Ccd896c79fAC028c5525b1D6f1E359AdfF12a7,32
0xd2DcC577A42dc1A6C9a489E598b7505397980Bc0,32
0xd2df21A00361628048Bf94D72AF9791493049543,60
0xd2ea42a69287a0a1bacd9259fbbd61a5db977248,52
0xd2fae50a0800a6ebd9307b38716fcc685bf1cfba,60
0xd303abbbdf5e2fd083cffa6ca097b8a70c2f0228,52
0xD3049AaF51309a6CCe20cc3a46856Ec33AEb7E7C,60
0xD34ca05b0fC5fF3ff83e82fefa280fA02E08F49E,60
0xd386e9bdc4095bed8333af3f0d48f6dbc4cb0cab,52
0xd39392e26615af87727eabad031f453c81f6de47,52
0xD3E3031AadCe7e052F2E01AF83761392cD235A08,60
0xd40b22fcebe3ba719aae63409cafe1c6fe9989b3,60
0xd42f7148d63e567126f3f436b745c3ada2f2afa6,52
0xd4e6566d0ea6ac0930dcd89d7fc710ce75fb1fd0,52
0xd50Ecb09eb02b831F4AFa1442c657Ec99E539461,32
0xD50F101eA68c6071C7A003e428B84E0057904bD9,60
0xd51a07f8a2ddbfd0d4d507cc78f10e13b9fafcc3,60
0xd52ef1ee063d522ac5e99e9ee2e6e4b65fc27cd6,46
0xd563f158fa353465b6feb210bc64a002baca0bc3,52
0xD584A7e377bDFFEd8bC82971213b236107626719,60
0xd5c519ed025B3d89b09Ea101413ab3A24cFe0b90,60
0xD5DD432244402212Db4c7e7a906a29661f600d0D,52
0xd62C07D85d9c422571397299f684AaC0fAb0DF62,60
0xd62dfa66cd979e062fefec6339ecd694288e1143,52
0xD64E9B2AB43a93259897F1cF2Ec73804e05aB75d,52
0xd6828c10Ca18368C91e71fc0934B7fAd61efB533,60
0xd6a0008965698141D0eA1919ea5A70a8C50ea7f3,60
0xD6aC9a64276CC0d7690cCdDD5Cb3E64446f49eAa,52
0xd6Ae1fd385Ab7260EC07F82Fa868183E80Be82FE,60
0xd6cc39f228ae12bfcc9467fb0056db54342fafb9,60
0xD6Ebc63B89aeF85495fCF84439CcC86772b3527e,52
0xd740e141ffe2ea7182bfb273acf4fff6940b5cfa,52
0xd760d55576f8f2c596ea2e1d7aa46118120077a8,52
0xD7816ee90517393279559D868fa48805668fC031,60
0xD7f15Ab599171cFA17e658502487424737912d43,60
0xd8022d938FF1cD1987a97ba385462FD4E33aFDC8,60
0xd82AAbd9B08B35643c7c06e3829e3C42fCa3652a,52
0xd84f52e8f0448e1f33ccfee54958e613e9a9434a,52
0xd85103829eb9ba9223aAAFB4E04eFEd57F09b0E2,52
0xd8799eea3f19974a098bd1f0df157e2f3d07b00e,52
0xd90e4be4e853fcd6c26b0db621caf5830c9fb31f,60
0xd954c57dc47b0fbefd49e5a3504d177020ad785b,52
0xD9743ffe923b7A25B4993cb289e2F9aE4341383f,60
0xD99382aA3319DD7dFabf5A2091Ce80357fAaFe50,60
0xd9992f7bef928cd17588f74436b6ca73dd83e95f,52
0xD9a6C4BCF0BB30c035668AC1d9899a125C279A3c,60
0xd9B79e306426D26722235D7f575deD2e3f397FD9,52
0xD9D0bfA0556e14837e1E1BC6984Ce5341B34082f,52
0xd9e4D1E3Fb02F77b0c86d37c8E71fAb665336327,60
0xda3b00292b0c0ec492f5c9d4be80397ccd56e4ef,2
0xDa8388631A9936ae0Fb0f6Af9FC2026b3779De6a,60
0xdad805f9eaffc01b0df3c06c28b09f53b28a8810,32
0xdb01f0fc92b999a849817d124337cee55ac4a740,52
0xdb021c2988717ea1b37452be0ec1d93a443c77ae,60
0xDB0aD4661c8850c65bF48007aF7008DFaFB36E45,60
0xdB26C1d7380294092EF79B67550e9C80d7B0Ca11,60
0xdB539F7AB49a6F36b733E9Bb8Fd1EB5cD142Ee62,52
0xdbb60cc73746282b64670650dfdad9633403f318,52
0xDbBA5eD48D79e21094D2cF5236A207B97b3BC8e0,32
0xdbc1922d5c240290f8b8ec5e8d1a44ea4667a5e8,52
0xDbd35945A95B4160537D1de024BDBfC676597962,60
0xdc52350858b60853d93390ab38dee3ce7e147fa7,52
0xdC57B867dA6a9F78E0bbB9B127f56F697c0f4B9d,52
0xdc58a4fd6782ae96c5be581ff30bcc07677bdda2,52
0xdCf672C8E0Fb9697536814C8b6b69a2e62aBd41c,60
0xdd366aa2f2ee2a64701978c718f1861b2c0bc9ae,52
0xdd3acfe271f88e559c072cb9408abd6b6dfb056c,60
0xdd47d3db30809a107c1dd59417a61230458d278e,52
0xdD57121B32FFB6e7F5A0D85CE9683BA533b9F813,60
0xdd57d7B3E2fc2775a7D213F3318Ca1ef87a620f8,60
0xdd6d32875b7ce1b3da2d273dccfdb30d4055fefa,52
0xDD91cA0bda01b44543e75Ae2290689662198C6AE,52
0xdd987ff9a40453dc1c45dbdc2638dc789b2f1ce1,52
0xdD9F1fD60532760FE3Abdc5cE2654155A3812676,60
0xdda22037E728181eBaA5733Ae2838C2DD7130eF5,60
0xddA9f5c39B67dA156B011FAa36DF62d4624cAECf,60
0xDdDC499FA9710E5bac773eCA402C89E275724982,52
0xde112a9b1ed7f7b3bd4460701304b7a0cf8b73bb,52
0xde22eba9ffa9792de3236edaec9eb229102b070c,52
0xdE49D4be9FBD3D4a64f4c7caa811c5dE371238Fc,60
0xde4c584c23c37a00b8044ec354b25eee76f450af,52
0xde53c9c3667ed644840a7e43ed991b0c189a5c21,52
0xde6e15a228d82e8f8f21c7345c96f894f90fa9cf,52
0xdE80904E7C2268b92D15244b41308a2224c76F56,60
0xde92bE3864506240eCC966ceea7aAd0A4B78640A,32
0xDe9C8362d088197747f57c25D463F88aD0a4d926,60
0xdea72da59f3d4b303e1e35b72473af25362fe990,52
0xdebb3ad56bd328008cb497cd03425394b2748190,52
0xdf01ca703cfb4377a7a71579cc6bd7c14158b2bc,60
0xDF112F1eE4Bc68D3046f53aDa2B70984FE27fe3c,60
0xDf521FED19438dc8f72a09b1a884988b674A5Dd7,32
0xdf57641a2fcc1537b5149dba9059a7794f969e32,52
0xdF8E575C491b58DB9AD9175cc3A05130821bE6A6,52
0xdfa4059e3ec8f9d1f09a318d00fe64837b816ef8,52
0xdfc689bce57fe41f1df45d5f72be2063319a857f,60
0xdff97848b8239973dea8409b3f3fb41783e6fbc4,52
0xe01cfa36b26b2c5e53ac2b7c3b3d78218d0b7010,32
0xe025ae8e7cfc74de962d565514a0ec3cfb9eda9e,52
0xe03db4f634df5293828db284ef5920d35e137b95,60
0xe041f3afa707988c9e12b2de0f3f198c8e327ef0,52
0xe06E4206766A90673d543CfDF2878F54b16052CD,60
0xe077f9ae1ff216bf3f2f4a908cf6458b00f57856,60
0xe0a013a77c2efef233dbcf2175fc2681baee47e5,52
0xE0Bc41619aeCD3CDCf00baC1D022f3dD9EC2DA57,60
0xe0d6b53975de77f3b190fa6d7dd4a47182eec030,52
0xE13a7a790A28490106196352393a2976e9865F92,32
0xE1420b8A342c9F3f8b818a9d4F133ca05Ea4678d,60
0xe147136ce2463f83b2cb9b1fede4ce7912301977,52
0xe17C8a06743d9FcA36F83eC40662c8BcC3CC11F1,60
0xe1dd60467f82f55dacf85f8992a8115b584efc58,52
0xe1f1f45e927e72243c15af9907bb6219b935b6d9,52
0xe228Eac1BedEE4C4842eF0fB3F11BB436A4fA07E,60
0xe254A26409f3CB605260B6C8Ae4cDb28936021F9,60
0xe25ea80a2eb29d62E5Aed32599f50df38D89dE9a,60
0xe26caf6633b616e337e051e438ee877fc128a657,60
0xE29138028186F2Db761E5bcB763E9b04eBF7aD1F,32
0xE2c1612148D65Ec8FBffCB82DB044937f4032Fd8,60
0xE305e58191017C5ff31467A8d553Ae25fc290dCA,32
0xe31c5b43fdfe566ecf46857d220a50d68be564df,52
0xe32a85119E178D7d5818E0F503e4b5264ffCE830,60
0xe3589ce7c2eca9d0fa8a9cb404497c96bf4f5ec9,60
0xE36091a43F9bE33B19e0eE4FAe169F1891b536ed,60
0xe36c3bf5306f1a92eedfc1c19137ac34f7001dce,52
0xE374009812f1DD032Dfce50CcEfE8c086071e75B,60
0xE37ED97A3Cb8e42a0038D481780dEbBAe2377dA2,60
0xe3a2a53e6bc71bc5ec34313b5aa783f4733bc419,52
0xE3ADf63C8d64AC8383316D0A8Dc8FaffEce18114,60
0xE3D46D4867AD3Ff5CF2D38189a3C078e2965246A,60
0xe47458858FbbDF79ac483607152f124dBF16A6B3,60
0xE47f9E3Ffc066BA7a2F749E2Dd62C2483B525E42,52
0xe486426992125f40e033b1f402099f8d10b1eb07,52
0xE49c83BA651Cee75830bb6a30e3983ae9dA84B4d,60
0xe4a48cbc5be9bbf9f90081657ec5ad29f0302770,52
0xe4DcE67F94B80AeCbE526A77c23117455825d987,32
0xE4eCB45a443d6c27F7FBc93Bf03cdFbA4b9d90C7,52
0xe4f8aa5dd017669d356e4c5f36c22be3e6f37f0e,52
0xE5225B795B0257EDE02aeAFdbC982cC7e778CA00,60
0xe54fa81a8d31b683129f2465a57b11c74604f977,52
0xe55b84dfc007338ab4057c8669add153506a0294,60
0xe56c8b9880151304d1CA438EfBA19cF35616a2D7,60
0xE58C2C35609131C5A4dCD72357553805A3b50e38,60
0xe5eb280452eeea85f16765fc07eb177dc2a6e267,52
0xe611cAAF8E0F61C5296562a9EA4665FC557Abcae,60
0xe6393a27ac30e278147898dbbf788abee03417f8,52
0xe63c05565565ac91aaa46b6536e167529509681c,52
0xe63dBB5406De4F3f194C434b38ce1Ac24700C9C4,52
0xe6614ED2bCbcDeC8f9A8CF67fa067b2D9606ab22,60
0xE6662A2bf38f098906960972F42972fD8465f7bd,60
0xe6d4b9906582191d639dcbad0e7402f231f5e9d6,52
0xe6f17b82f20fbe9ca8528d0b2ecd43054efc036f,52
0xe73F563c29bC154D50B5fd88Ff4A47F5303a2c17,60
0xe767576dd90e22f423da5377997e2b8aa22efa61,52
0xe77dd5dBf70D51CFDfF11d02Bc67777Ff92866c4,60
0xe791383bcc50cd6701c8cfb77819aec54e2f9af8,52
0xe7a3828b0772fda7df58d12522c62138497974a1,52
0xe7b0cfd8002c4edbc0299e33e3b9fbbee023e994,52
0xE8C7DbC52be987Fd756d14F75bC8e94C65846C9B,52
0xe8fed7dd3e858d5837219ffec815658ea891f69f,52
0xE900F05ae9D6074931EB38E03093d7322cdCb6D4,60
0xe92da269bbf46e3c5f194dc65a1f59b09b793a10,52
0xe93e76578f1ee7cc998368c50875fa00c775faa9,52
0xe96a62836561832E4d81e25c4063bac952c15796,32
0xe97988013a7b39434f41436faafb73a29f586b95,60
0xe97dbb84a431a9f39f64a8d0f383d6d202de2e0b,52
0xE9fCa3938478Dd197896d210022167Ca26D33287,52
0xEA2D093702988dd6f6dA8f24F37f734FD94cF695,60
0xea2ffdab43d67dfed013c13ba897114aaeb4b1fd,52
0xea3a0789f30415ab912fdee929ce6e1fb25f0439,52
0xea43Ff5c48c3279EB39Fb9618Cf0055Cd6E91E72,60
0xea5b583242f95cb0cf0298c8b0f49f0a176224f1,52
0xea72b5ab83a7ce5635b6a1c35bdc9b8c26db51c6,52
0xea7ac885de06bbb258203aab9ffd10efe4154b5c,52
0xea849ad0bbaa67915f1ed5abf037e2d4e22f57b2,52
0xea9dd35626450a4872cd7dd29ffd4dbc4307e348,52
0xeacabe337e6380f1be1df9d84ab3b1ab8241bde3,52
0xeAEFde1aF400EEFbD63cA01C3D47610f615c6948,52
0xEaF790d95Ad63D9c574A1C78C730554d338cE5C9,52
0xeb01ff124d71b6c7e6613fd6e0a86c28c733f008,52
0xeb0bf7e969072040e3a3996bb5da089083805d67,52
0xeb174082c91c23d17c1c606641e1cd3ca479e436,52
0xeb4f091f43eccf60acf84af16e1a737ed66a6f55,52
0xeb8d59443fdab8c889d3b57a0f3a78e7c1ae7b1a,52
0xeb952c4b95d66117235049785269da0756af1fb4,52
0xeBEeE7fC7433edB8FD63bAfa0784f12d0aA9260f,60
0xebfa3326259838264a173b2ff43034cc00127475,60
0xeC5773EED31E96659c0F8D68626D21a32b254de3,60
0xeC857DfbeEe3d86A81C16B15586454b804c10eE6,60
0xec9c4d117a9f222689e61677025510e929fae467,60
0xec9cd93ec4280aed87c3141aa86cc973372c9de0,52
0xecab62904cad12fdc1de95f440036a146a7fa317,52
0xecDdADD1C52AF1F1170b800d44bb809635be89CE,60
0xecddf5398dc6b42ed678efc24813b9868da5ccbb,52
0xececb52791854b3a34dd590cc7daf7b2e7c00f25,52
0xed067276480B4e4E42E9BFEF95d67D593DD04570,60
0xed2237f3eeafb7aa57e6d857c002a067f0c9c440,60
0xed34dc0ecb822009ae98485ff96ffa4d9e88c2cc,60
0xED395691dDF0F5A8c200BAabCa543958Dc6cF745,60
0xed65f0743d9f8863dda10fff4e6cd0e30f6a4fd5,46
0xeD817Eb3E2adF62Ed455874C496198EBaAD0CA94,32
0xed99ceea3a04bcbaf727a943f8dba010a8271d96,60
0xedcfd46f4352d5f54460df1d02053b4311a5b0c3,52
0xEDf9a011F78Ef385D2310Cf79580B9afc70922F6,60
0xEe0f37E6C3895c0D7BA726eE0E10192f6900dB21,60
0xee437fadf8817891c145928a532c42e79e4e20ab,52
0xee7e527afa61511f28ab5df072fc8a78050e99da,52
0xEEAFEd86F8f878aF9D5497D98F759b7Ad011Ef7E,32
0xeebe076c3dc9c44305da6716eba015767d0c0842,60
0xEeBF2C0A85cFd8704e345f82C3b01b86fdd4F7a2,60
0xEeca597FFB3f4374E434CC028cE821045E15442a,52
0xeeea71b8ec4ded7f6d2bf283d3588e9edd961385,52
0xeF0d0c130446BE47850a9f70748A8536B16d5a95,60
0xef367d7051ffea135b0e6373bd820e3b9bd4afff,52
0xeF9213D4c7083653D62b9Eb49c1d626D6c0741AD,60
0xf0097ff538352c867ed600b1deb971939ec2fa72,52
0xf00a57582fe2fc2c00d7dba3c8e56564b4eb9d8f,52
0xF00Fc41507D07e837a36d3E284b392CcAD996c8a,60
0xf01b3Abb27e1ac85dd0EC211F6C8A5FA53DcDD5a,60
0xf059fff0f2a9bf02c2fbb01b4156e996f19fd535,52
0xf05c004c9a3d801644d6bbb18de836ce998de27f,60
0xF077fc426d277695150D8775C37f2D31F5Ca34c0,60
0xf0b8bcd1921d37bf83d71ccee40d55a13b98f3c5,52
0xf0d4f0fa3ce10236eafc07f0410f22bb7927b667,52
0xf0da767ad4d2e7b4c64003afeb08a414c9adbbb7,52
0xf144fcebdb84fd3bc070108673d6290940aad756,52
0xf17e1961b08b769735e3Cf1F6118aF9E0A802A6E,60
0xf19E2b468581099db2f87423Bb3044CDA1431844,60
0xf1dcBd927c55a6E04B814B88f0d6E791Bf2ec513,60
0xf234003c8da3a2f72f163d73f43237fbf8fc57e5,22
0xf23a9799fe0011acb4326306a539b88644ac19a2,46
0xf28829c0D6e450535fA47c172b9B4abb5c52cBf4,60
0xf28b81a304b14088783ead18afff9bd182031ffd,60
0xf2aa4Df3be89311206820899101a68CAB1e6a672,60
0xF2b732ffCfD5E0f75C659E48f6291c4e1ceB415e,60
0xf2c767B2056F08FbA096371b0A685AB73fE5F317,60
0xf2d010fbcaaa80b4ceae4d995a5cbf80d04f2ac8,60
0xf33958f5cba4f00bbb6c2f571f8738548aa15c8d,52
0xf348b733daa2e1cda395f4f3c82d81086feedf71,32
0xf39ab694c94466a50fe578b31ab98810b42f06ee,60
0xf3b51dc0afdcfd6d99fc4eebe950958f2cfdd496,52
0xf3defc5a80fde3c67a78b9aca5ceea03187b8b3e,40
0xf3ed6AecD9A28732c117bA6564E27C38dd371eE8,32
0xf3efe0f65b5bfc494db80782fde8a0dcf8088d33,52
0xF412D9b5657b7ECe3Eb2D9177b281Bd644AcA205,52
0xF46701F80e6AEd768374fCffC6FdD96e4Dd486B5,60
0xF47A64Cac257FDf16F682D92046F1FC497593248,52
0xf4905df5f55224928eee82f7f0e6a68946d4a82d,52
0xf492de9b0843a5bb952b9eee2acf84234e854f4d,52
0xF4Ce4AD657Bb89213fD88579f9C19adEc0C13D43,52
0xF4d59dDBA7152c8fA6c27a5004b80b28d1e9C8A1,60
0xF4D68E3B676e39EC34F103E63d66365BE7808144,60
0xf4dBa76C99B654458db670665f1Bb63588cb9CdA,60
0xf4f3bc38954cfabe218ef6146ec5afb64d6d465a,52
0xf509ab581028FeBe12647C26B8042221fc10F818,60
0xf50a69F54DfeeF8715B6C14554556C7587Ee96FD,60
0xf52195aa61fb7ac8a7b9ea4837b4515ed6abea44,52
0xf53c20708e9dbc2fb6798cd8a6f78da4df4d6f78,52
0xf565d87250963e96100f5ed3af2581e1b7ebca0e,60
0xf5a1aafc2afad5a27ff25339e7cba1dca05b73b9,52
0xf5a5919FE5D2563335BB3777efAa7175Dfc0dF77,60
0xf5cb383e186222b360412fcec513fbeb8b4a61b4,52
0xf6063daffdf46306042b50aafedcb6a3338702f6,52
0xf6087E9E1C7b9480E75006A4Fca165d9402a8D3e,52
0xf60e7261255c6b8f722fa1E698465E9952D5f4ac,60
0xf637b0afa921705fa5edfd29a763d0df1efd6e4a,22
0xf6c5C0acAd9BD21b7F6245535fFf256a46b8DA52,52
0xf6FAfd37411907e1A3D1BBC2011A88a4e731222F,60
0xf6fee581a21b1d1c4730dbd41493040da8597505,52
0xf7439700428d1e20294a44d8984b7e967496974f,60
0xf7e9CB0C92ff1d3fBe3499bC7A1C61ffD7c2A1CE,60
0xf82726b4Bf7Ed51055c779B390e342aAB6bfFcF7,60
0xf84B585b9DEAbA426252657F2c2747b6e9Ca0b44,60
0xf855e3dCe15a3488eaEFD12D35583343BB4Eb473,60
0xf85f53d737b777a070c2fa7caa24e76446368b5f,52
0xF872250a0644750997045998e78ED29e9eA8E184,60
0xf8861cb162a10be1fc52d0c8882f4f8b5b588239,60
0xf8a681f977e13ac202f39ab437098f9939bb3f67,52
0xf8b4c1fbd6e6f19a75c7454dc80ce39fc61c1cd5,52
0xf8C6af981f010bC908c8B70d481EEc3B2852e770,60
0xF8C903F69d9435CC1eAa8b764A116b7223337fd4,60
0xF94a09Dd84e97b299190ae8aCcd1DaF94D9810cD,60
0xF95C85482D990175D944e829819E268d6BC33fA3,60
0xF97e3fD3695FB994bdDf072A7df6e51301D958e8,60
0xf98e0534fbe6fbda67c2295aa68c6d7d0fcac629,52
0xf99a381b2311ae6509f7a7a747d0941906e39909,52
0xf9dd84b7d5ff758b949615a7bf945d03047e9ac2,52
0xF9F46c687Cf9D4ac2B99228893Bcbc5BB6Bd863F,60
0xf9fed4b7a8a6b410fb6b1d76459b66d05c613e49,52
0xfa0301f0759fb1ad6ab29510ce9a1cd6cab1e2ae,52
0xFa0f8A89D597b3a073BD479B19B9E99F770fA9BF,60
0xfa13bafcbca5bb2e74e39cd6e901c17d9ac9bcf5,52
0xfa37a6cc7f8eb82f4d737fe855c09a181f93b95c,52
0xfae37b3b1671f52f3dd326286819bb856687e8ee,52
0xfaea6322a2a0b3465e21f76de6613abb1a9583ac,52
0xfafd573b0a0a3869dab8c9c1c92f3592ae1f93d9,60
0xfba8bf660c265c136c2fc03982e9f97db5491f7c,60
0xfbae6975dea8d3173f8d3e71b0cef9ecfe56b990,52
0xfBB0b447265cf01bE3E15a4dF0f05A811a6B3542,60
0xfbb7fc57e4cdd17555307c048a5d6adbb458b273,52
0xfbd58ffe3b4e0937eead5f64ad1be43fc3757049,52
0xfbdfc376fa2a85a0cc316117e65cc65af10698c3,52
0xFc2Ca51E0D833721bADf729Fc60948eb6af084Fe,32
0xFc5B323b20F4e50603ab76F13467713D31059c05,52
0xfc8a89ab5ef5a6a22f46a2ec4655fdb64799a3af,52
0xfCB2Eb2eC5172FA8DA304A05Aa8a68790E84CC43,60
0xFCe94425b571ae64CA8f36D17737e01f4427167C,60
0xfd44a141568f0f4bc404c97dcfdfe4b3178a075e,52
0xfd5ae3447b24c0df77cfda7a96426e87a80b1930,40
0xfd708bc059bd12bf80c609486c15604be0c2fe53,52
0xfd9E8923f34A09464aDfbE44bA5b98a83c4F9c3F,52
0xfdb6a41da1b9b22becae9f0f17e615c6855f0cab,52
0xfdfd4796fb2fd957e3252061e0f46833360acaa4,52
0xFe124123F0CFcd09871a3223364075E8CbdA1E05,60
0xFe25568Dc10e8BE40bd7B83fe264B5866ec76761,52
0xFe307CE366fe5F05B0336C113cb15f359556F78A,32
0xFe38681582768fC42027f2f916C0D68B1EDe1BF2,60
0xfe3A1b0c285D9d2588f79de8EDdF05aA1CBB14D2,60
0xfe3e6ab5d787f4099478bbe811a740d903e219fb,52
0xfe74a0bd131dd3c556cf796e193554893fb4b7bc,46
0xfec3af6358f81f1201fddfc2e554b8e2e8524b10,52
0xfec4dc6aef4abcd6a6643233360a32408e7a2b34,52
0xfee49e504f85ea9b1c9ba8cff6cd43271600498f,60
0xff26831bcaf2585a4cf39bf14866bcd73956d943,52
0xff75B394c34A4087b37E7F5EEA743B0c64DBDEc1,52
0xFf90D4A1899adEFB93E1CA9fd6D5De8785E41063,52
0xfFe2C65a1f0e55Bf70CA40C94c492AdD68c68388,52
0xffF01ff7cFd6cA93F69FdA6280357EEe21395327,52